gid,role,role_score,cluster_id,priority_score,evidence
100000000011452100,consolidator,0.72,0,0.803616,"Consolidation signs: 3 payers/7 tx, 110,000 KZT in; forwarded 15% of recorded inflow; verify."
100000000018102100,terminal,0.45,0,0.418035,"Hop 4: 7,000 KZT from 1 payers/1 tx, 0 captured recipients; depth-cutoff artifact possible; terminal status unproven."
100000000031787100,transit,0.68,10,0.661649,"Transit signs: 1 payers/2 tx in, 2 recipients/4 tx out; forwarded 100% of recorded inflow. Verify."
100000000041368100,terminal,0.82,2,0.475089,"No captured outflow at hop 1; 160,000 KZT from 1 payers/1 tx. Observed-sample terminal; verify."
100000000076451100,coordinator,0.76,15,0.919137,"Coordination signs: 3 payers/4 tx in, 4 recipients/4 tx out; betweenness p94, 1 seeds within 2 hops. Verify."
100000000089154100,distributor,0.66,0,0.538373,"Fan-out signs: 15 recipients/21 tx, 425,500 KZT out; 1 payers/1 tx in. Verify."
100000000190228100,peripheral,0.50,17,0.722675,"1 payers/1 tx in (5,000 KZT), 1 recipients/1 tx out (28,560 KZT); no strong role signal."
100000000201868100,transit,0.68,3,0.622931,"Transit signs: 1 payers/1 tx in, 1 recipients/1 tx out; forwarded 100% of recorded inflow. Verify."
100000000254336100,peripheral,0.50,0,0.587061,"2 payers/2 tx in (97,177 KZT), 1 recipients/1 tx out (60,000 KZT); no strong role signal."
100000000267734100,distributor,0.66,10,0.819849,"Fan-out signs: 7 recipients/8 tx, 282,000 KZT out; 2 payers/4 tx in. Verify."
100000000274067100,distributor,0.66,10,0.778549,"Fan-out signs: 3 recipients/9 tx, 2,969,000 KZT out; 2 payers/9 tx in. Verify."
100000000287768100,terminal,0.82,0,0.288663,"No captured outflow at hop 3; 35,168 KZT from 1 payers/1 tx. Observed-sample terminal; verify."
100000000288317100,distributor,0.66,0,0.706820,"Fan-out signs: 3 recipients/3 tx, 53,500 KZT out; 2 payers/2 tx in. Verify."
100000000291906100,transit,0.68,49,0.875601,"Transit signs: 2 payers/3 tx in, 2 recipients/6 tx out; forwarded 117% of recorded inflow. Verify."
100000000291908100,peripheral,0.50,49,0.688818,"1 payers/5 tx in (295,500 KZT), 1 recipients/1 tx out (13,300 KZT); no strong role signal."
100000000297649100,peripheral,0.50,12,0.616789,"1 payers/1 tx in (40,000 KZT), 1 recipients/2 tx out (70,600 KZT); no strong role signal."
100000000299820100,terminal,0.45,4,0.478249,"Hop 4: 10,000 KZT from 1 payers/1 tx, 0 captured recipients; depth-cutoff artifact possible; terminal status unproven."
100000000307908100,terminal,0.82,42,0.397675,"No captured outflow at hop 2; 5,000 KZT from 1 payers/1 tx. Observed-sample terminal; verify."
100000000331309100,coordinator,0.76,6,0.976235,"Coordination signs: 5 payers/8 tx in, 99 recipients/126 tx out; betweenness p100, 9 seeds within 2 hops. Verify."
100000000332284100,coordinator,0.76,6,0.936983,"Coordination signs: 10 payers/12 tx in, 3 recipients/3 tx out; betweenness p94, 2 seeds within 2 hops. Verify."
100000000343175100,coordinator,0.76,11,0.968113,"Coordination signs: 8 payers/14 tx in, 31 recipients/33 tx out; betweenness p99, 9 seeds within 2 hops. Verify. Seed inflow is understated."
100000000369781100,terminal,0.45,6,0.498008,"Hop 4: 5,000 KZT from 1 payers/1 tx, 0 captured recipients; depth-cutoff artifact possible; terminal status unproven."
100000000375150100,terminal,0.45,13,0.531119,"Hop 4: 300,000 KZT from 1 payers/1 tx, 0 captured recipients; depth-cutoff artifact possible; terminal status unproven."
100000000404740100,terminal,0.45,25,0.512561,"Hop 4: 25,000 KZT from 1 payers/1 tx, 0 captured recipients; depth-cutoff artifact possible; terminal status unproven."
100000000408846100,terminal,0.82,26,0.348876,"No captured outflow at hop 3; 40,500 KZT from 1 payers/1 tx. Observed-sample terminal; verify."
100000000413678100,distributor,0.66,4,0.716333,"Fan-out signs: 3 recipients/18 tx, 528,198 KZT out; 2 payers/2 tx in. Verify."
100000000424935100,terminal,0.45,27,0.374911,"Hop 4: 15,000 KZT from 1 payers/1 tx, 0 captured recipients; depth-cutoff artifact possible; terminal status unproven."
100000000425407100,terminal,0.82,2,0.426780,"No captured outflow at hop 2; 20,000 KZT from 1 payers/1 tx. Observed-sample terminal; verify."
100000000437046100,coordinator,0.76,0,0.972230,"Coordination signs: 9 payers/20 tx in, 42 recipients/73 tx out; betweenness p99, 4 seeds within 2 hops. Verify."
100000000440392100,terminal,0.82,3,0.396340,"No captured outflow at hop 1; 105,705 KZT from 1 payers/4 tx. Observed-sample terminal; verify."
100000000456947100,peripheral,0.50,72,0.198698,"0 payers/0 tx in (0 KZT), 0 recipients/0 tx out (0 KZT); no strong role signal. Seed inflow is understated."
100000000470237100,terminal,0.45,27,0.517768,"Hop 4: 32,500 KZT from 1 payers/1 tx, 0 captured recipients; depth-cutoff artifact possible; terminal status unproven."
100000000481716100,terminal,0.82,7,0.498743,"No captured outflow at hop 3; 8,000 KZT from 1 payers/1 tx. Observed-sample terminal; verify."
100000000489417100,transit,0.68,13,0.857899,"Transit signs: 3 payers/3 tx in, 1 recipients/1 tx out; forwarded 109% of recorded inflow. Verify."
100000000490383100,distributor,0.66,3,0.896751,"Fan-out signs: 8 recipients/9 tx, 461,375 KZT out; 3 payers/3 tx in. Verify."
100000000500040100,terminal,0.45,0,0.450122,"Hop 4: 20,000 KZT from 1 payers/1 tx, 0 captured recipients; depth-cutoff artifact possible; terminal status unproven."
100000000507799100,coordinator,0.76,38,0.486782,"Coordination signs: 1 payers/1 tx in, 1 recipients/1 tx out; betweenness p94, 1 seeds within 2 hops. Verify."
100000000533217100,terminal,0.82,0,0.566166,"No captured outflow at hop 2; 53,587 KZT from 1 payers/1 tx. Observed-sample terminal; verify."
100000000534581100,transit,0.68,4,0.666032,"Transit signs: 2 payers/2 tx in, 1 recipients/1 tx out; forwarded 71% of recorded inflow. Verify."
100000000542087100,terminal,0.45,35,0.264230,"Hop 4: 8,507 KZT from 1 payers/1 tx, 0 captured recipients; depth-cutoff artifact possible; terminal status unproven."
100000000552584100,peripheral,0.50,23,0.587617,"1 payers/3 tx in (2,500,000 KZT), 1 recipients/1 tx out (57,500 KZT); no strong role signal."
100000000555721100,terminal,0.82,0,0.545583,"No captured outflow at hop 1; 113,000 KZT from 2 payers/3 tx. Observed-sample terminal; verify."
100000000557536100,terminal,0.45,35,0.372508,"Hop 4: 153,000 KZT from 1 payers/7 tx, 0 captured recipients; depth-cutoff artifact possible; terminal status unproven."
100000000560751100,terminal,0.82,13,0.510425,"No captured outflow at hop 3; 25,000 KZT from 1 payers/1 tx. Observed-sample terminal; verify."
100000000561160100,terminal,0.45,2,0.517301,"Hop 4: 240,000 KZT from 1 payers/1 tx, 0 captured recipients; depth-cutoff artifact possible; terminal status unproven."
100000000569479100,terminal,0.82,0,0.464497,"No captured outflow at hop 3; 320,000 KZT from 1 payers/1 tx. Observed-sample terminal; verify."
100000000572276100,peripheral,0.50,1,0.417145,"1 payers/1 tx in (13,075 KZT), 1 recipients/1 tx out (34,547 KZT); no strong role signal."
100000000580561100,consolidator,0.62,43,0.843169,"Consolidation signs: 2 payers/3 tx, 27,980 KZT observed in, 3 recipients; seed inflow is understated. Verify."
100000000581662100,terminal,0.45,9,0.379717,"Hop 4: 21,160 KZT from 1 payers/1 tx, 0 captured recipients; depth-cutoff artifact possible; terminal status unproven."
100000000581682100,terminal,0.45,27,0.313629,"Hop 4: 5,000 KZT from 1 payers/1 tx, 0 captured recipients; depth-cutoff artifact possible; terminal status unproven."
100000000583220100,peripheral,0.50,66,0.590432,"1 payers/1 tx in (5,000 KZT), 1 recipients/4 tx out (761,255 KZT); no strong role signal."
100000000594783100,peripheral,0.50,23,0.598721,"1 payers/10 tx in (2,635,000 KZT), 2 recipients/2 tx out (152,500 KZT); no strong role signal."
100000000596954100,peripheral,0.50,2,0.717746,"1 payers/1 tx in (120,000 KZT), 2 recipients/2 tx out (48,100 KZT); no strong role signal."
100000000600707100,terminal,0.45,36,0.514964,"Hop 4: 89,000 KZT from 1 payers/2 tx, 0 captured recipients; depth-cutoff artifact possible; terminal status unproven."
100000000607731100,peripheral,0.50,28,0.591099,"1 payers/1 tx in (20,000 KZT), 1 recipients/1 tx out (66,666 KZT); no strong role signal."
100000000607941100,peripheral,0.50,3,0.867000,"2 payers/3 tx in (50,000 KZT), 1 recipients/4 tx out (70,000 KZT); no strong role signal."
100000000608031100,terminal,0.45,16,0.502815,"Hop 4: 30,000 KZT from 1 payers/1 tx, 0 captured recipients; depth-cutoff artifact possible; terminal status unproven."
100000000611474100,terminal,0.82,22,0.518569,"No captured outflow at hop 3; 32,000 KZT from 1 payers/1 tx. Observed-sample terminal; verify."
100000000625169100,terminal,0.82,1,0.335125,"No captured outflow at hop 2; 10,000 KZT from 1 payers/1 tx. Observed-sample terminal; verify."
100000000627521100,terminal,0.45,39,0.260759,"Hop 4: 6,500 KZT from 1 payers/1 tx, 0 captured recipients; depth-cutoff artifact possible; terminal status unproven."
100000000629812100,terminal,0.82,53,0.533545,"No captured outflow at hop 2; 22,000 KZT from 2 payers/2 tx. Observed-sample terminal; verify."
100000000634341100,terminal,0.45,0,0.511093,"Hop 4: 24,000 KZT from 1 payers/2 tx, 0 captured recipients; depth-cutoff artifact possible; terminal status unproven."
100000000640800100,coordinator,0.76,4,0.585748,"Coordination signs: 1 payers/1 tx in, 4 recipients/6 tx out; betweenness p95, 0 seeds within 2 hops. Verify."
100000000646541100,terminal,0.82,0,0.661571,"No captured outflow at hop 2; 25,300 KZT from 3 payers/4 tx. Observed-sample terminal; verify."
100000000655469100,terminal,0.45,21,0.439664,"Hop 4: 20,000 KZT from 1 payers/2 tx, 0 captured recipients; depth-cutoff artifact possible; terminal status unproven."
100000000656682100,transit,0.68,0,0.480263,"Transit signs: 1 payers/1 tx in, 2 recipients/3 tx out; forwarded 113% of recorded inflow. Verify."
100000000661131100,terminal,0.82,1,0.278182,"No captured outflow at hop 3; 15,600 KZT from 1 payers/1 tx. Observed-sample terminal; verify."
100000000661912100,coordinator,0.76,0,0.939252,"Coordination signs: 5 payers/9 tx in, 2 recipients/8 tx out; betweenness p99, 1 seeds within 2 hops. Verify."
100000000667713100,distributor,0.66,3,0.801279,"Fan-out signs: 6 recipients/7 tx, 79,236 KZT out; 2 payers/10 tx in. Verify."
100000000673868100,distributor,0.66,29,0.776446,"Fan-out signs: 5 recipients/19 tx, 383,000 KZT out; 1 payers/5 tx in. Verify."
100000000673915100,terminal,0.45,35,0.274911,"Hop 4: 20,200 KZT from 1 payers/1 tx, 0 captured recipients; depth-cutoff artifact possible; terminal status unproven."
100000000703894100,peripheral,0.50,28,0.661660,"1 payers/1 tx in (120,000 KZT), 1 recipients/1 tx out (35,000 KZT); no strong role signal."
100000000703902100,terminal,0.82,1,0.356019,"No captured outflow at hop 1; 25,499 KZT from 1 payers/1 tx. Observed-sample terminal; verify."
100000000704700100,terminal,0.45,24,0.498943,"Hop 4: 10,000 KZT from 1 payers/1 tx, 0 captured recipients; depth-cutoff artifact possible; terminal status unproven."
100000000706545100,consolidator,0.72,3,0.886282,"Consolidation signs: 3 payers/8 tx, 1,070,300 KZT in; forwarded 7% of recorded inflow; verify."
100000000718427100,terminal,0.82,1,0.316767,"No captured outflow at hop 2; 6,000 KZT from 1 payers/1 tx. Observed-sample terminal; verify."
100000000723383100,coordinator,0.76,21,0.702303,"Coordination signs: 1 payers/1 tx in, 2 recipients/2 tx out; betweenness p96, 1 seeds within 2 hops. Verify."
100000000724540100,peripheral,0.50,4,0.597697,"1 payers/1 tx in (50,000 KZT), 1 recipients/1 tx out (100,000 KZT); no strong role signal."
100000000733373100,terminal,0.82,3,0.428249,"No captured outflow at hop 2; 10,710 KZT from 1 payers/1 tx. Observed-sample terminal; verify."
100000000733451100,peripheral,0.50,13,0.671773,"1 payers/2 tx in (70,000 KZT), 1 recipients/1 tx out (300,000 KZT); no strong role signal."
100000000733940100,terminal,0.45,30,0.469170,"Hop 4: 752,000 KZT from 1 payers/2 tx, 0 captured recipients; depth-cutoff artifact possible; terminal status unproven."
100000000737152100,terminal,0.45,0,0.439130,"Hop 4: 35,000 KZT from 1 payers/1 tx, 0 captured recipients; depth-cutoff artifact possible; terminal status unproven."
100000000749118100,peripheral,0.50,0,0.414186,"1 payers/1 tx in (10,330 KZT), 1 recipients/1 tx out (16,500 KZT); no strong role signal."
100000000764836100,peripheral,0.50,4,0.612572,"1 payers/1 tx in (251,716 KZT), 2 recipients/2 tx out (50,000 KZT); no strong role signal."
100000000765628100,terminal,0.82,3,0.472152,"No captured outflow at hop 2; 5,000 KZT from 1 payers/1 tx. Observed-sample terminal; verify."
100000000769919100,terminal,0.82,59,0.571773,"No captured outflow at hop 2; 250,000 KZT from 1 payers/1 tx. Observed-sample terminal; verify."
100000000782285100,terminal,0.82,31,0.418970,"No captured outflow at hop 3; 6,151 KZT from 1 payers/1 tx. Observed-sample terminal; verify."
100000000783406100,terminal,0.82,34,0.307555,"No captured outflow at hop 3; 6,066 KZT from 1 payers/1 tx. Observed-sample terminal; verify."
100000000785800100,transit,0.68,54,0.531876,"Transit signs: 1 payers/1 tx in, 1 recipients/1 tx out; forwarded 100% of recorded inflow. Verify."
100000000790311100,terminal,0.82,15,0.411426,"No captured outflow at hop 2; 46,300 KZT from 1 payers/1 tx. Observed-sample terminal; verify."
100000000791285100,distributor,0.66,26,0.700401,"Fan-out signs: 3 recipients/3 tx, 650,000 KZT out; 1 payers/2 tx in. Verify."
100000000795033100,terminal,0.82,0,0.539998,"No captured outflow at hop 2; 18,200 KZT from 1 payers/1 tx. Observed-sample terminal; verify."
100000000795129100,terminal,0.82,15,0.503683,"No captured outflow at hop 2; 332,000 KZT from 1 payers/1 tx. Observed-sample terminal; verify."
100000000795374100,terminal,0.82,4,0.349210,"No captured outflow at hop 3; 50,000 KZT from 1 payers/1 tx. Observed-sample terminal; verify."
100000000802149100,terminal,0.82,0,0.343936,"No captured outflow at hop 3; 104,128 KZT from 1 payers/1 tx. Observed-sample terminal; verify."
100000000803368100,terminal,0.45,14,0.507755,"Hop 4: 139,503 KZT from 1 payers/1 tx, 0 captured recipients; depth-cutoff artifact possible; terminal status unproven."
100000000806727100,peripheral,0.50,2,0.544404,"1 payers/1 tx in (45,000 KZT), 1 recipients/1 tx out (5,000 KZT); no strong role signal."
100000000810551100,peripheral,0.50,2,0.629161,"1 payers/1 tx in (100,000 KZT), 1 recipients/1 tx out (7,100 KZT); no strong role signal."
100000000817146100,terminal,0.82,3,0.587216,"No captured outflow at hop 1; 70,020 KZT from 1 payers/1 tx. Observed-sample terminal; verify."
100000000821507100,terminal,0.82,29,0.473509,"No captured outflow at hop 2; 400,000 KZT from 1 payers/1 tx. Observed-sample terminal; verify."
100000000831684100,peripheral,0.50,12,0.633211,"1 payers/2 tx in (15,000 KZT), 1 recipients/3 tx out (50,000 KZT); no strong role signal."
100000000838385100,peripheral,0.50,27,0.723954,"1 payers/8 tx in (436,900 KZT), 2 recipients/6 tx out (177,500 KZT); no strong role signal."
100000000850297100,transit,0.68,7,0.421929,"Transit signs: 1 payers/1 tx in, 1 recipients/1 tx out; forwarded 100% of recorded inflow. Verify."
100000000860514100,peripheral,0.50,25,0.549577,"1 payers/1 tx in (12,000 KZT), 1 recipients/1 tx out (50,000 KZT); no strong role signal."
100000000861294100,terminal,0.82,8,0.447474,"No captured outflow at hop 2; 150,000 KZT from 1 payers/1 tx. Observed-sample terminal; verify."
100000000870121100,terminal,0.82,13,0.481475,"No captured outflow at hop 3; 12,000 KZT from 1 payers/1 tx. Observed-sample terminal; verify."
100000000878006100,terminal,0.82,6,0.269838,"No captured outflow at hop 3; 47,003 KZT from 1 payers/1 tx. Observed-sample terminal; verify."
100000000896111100,terminal,0.82,23,0.460358,"No captured outflow at hop 3; 287,100 KZT from 1 payers/1 tx. Observed-sample terminal; verify."
100000000907277100,terminal,0.82,1,0.337795,"No captured outflow at hop 1; 17,534 KZT from 1 payers/1 tx. Observed-sample terminal; verify."
100000000910216100,coordinator,0.76,0,0.676402,"Coordination signs: 1 payers/3 tx in, 1 recipients/1 tx out; betweenness p97, 2 seeds within 2 hops. Verify."
100000000912487100,terminal,0.82,2,0.363229,"No captured outflow at hop 2; 10,000 KZT from 1 payers/1 tx. Observed-sample terminal; verify."
100000000913911100,transit,0.68,2,0.810748,"Transit signs: 2 payers/2 tx in, 1 recipients/1 tx out; forwarded 128% of recorded inflow. Verify."
100000000917179100,terminal,0.82,14,0.513696,"No captured outflow at hop 2; 94,465 KZT from 1 payers/2 tx. Observed-sample terminal; verify."
100000000922570100,transit,0.68,12,0.510892,"Transit signs: 1 payers/1 tx in, 1 recipients/1 tx out; forwarded 106% of recorded inflow. Verify."
100000000926078100,terminal,0.45,4,0.490532,"Hop 4: 250,000 KZT from 1 payers/1 tx, 0 captured recipients; depth-cutoff artifact possible; terminal status unproven."
100000000926766100,peripheral,0.50,25,0.454907,"1 payers/1 tx in (18,750 KZT), 1 recipients/1 tx out (6,000 KZT); no strong role signal."
100000000933075100,peripheral,0.50,12,0.707254,"1 payers/1 tx in (40,000 KZT), 2 recipients/2 tx out (55,000 KZT); no strong role signal."
100000000941942100,terminal,0.82,2,0.462672,"No captured outflow at hop 1; 130,000 KZT from 1 payers/1 tx. Observed-sample terminal; verify."
100000000942301100,terminal,0.82,0,0.371306,"No captured outflow at hop 3; 57,580 KZT from 1 payers/2 tx. Observed-sample terminal; verify."
100000000943371100,terminal,0.82,13,0.428783,"No captured outflow at hop 2; 15,500 KZT from 1 payers/1 tx. Observed-sample terminal; verify."
100000000945428100,terminal,0.82,0,0.419170,"No captured outflow at hop 1; 89,629 KZT from 1 payers/1 tx. Observed-sample terminal; verify."
100000000954884100,terminal,0.82,34,0.399611,"No captured outflow at hop 3; 34,000 KZT from 1 payers/1 tx. Observed-sample terminal; verify."
100000000955444100,terminal,0.82,43,0.485659,"No captured outflow at hop 2; 6,910 KZT from 1 payers/1 tx. Observed-sample terminal; verify."
100000000955529100,peripheral,0.50,2,0.535013,"1 payers/1 tx in (27,000 KZT), 1 recipients/1 tx out (63,500 KZT); no strong role signal."
100000000957746100,terminal,0.45,16,0.441266,"Hop 4: 5,300 KZT from 1 payers/1 tx, 0 captured recipients; depth-cutoff artifact possible; terminal status unproven."
100000000961900100,terminal,0.82,0,0.494181,"No captured outflow at hop 1; 36,000 KZT from 2 payers/3 tx. Observed-sample terminal; verify."
100000000967918100,terminal,0.82,0,0.524777,"No captured outflow at hop 2; 21,200 KZT from 1 payers/3 tx. Observed-sample terminal; verify."
100000000968253100,terminal,0.82,1,0.330652,"No captured outflow at hop 1; 15,000 KZT from 1 payers/1 tx. Observed-sample terminal; verify."
100000000971908100,terminal,0.82,8,0.419571,"No captured outflow at hop 2; 89,000 KZT from 1 payers/1 tx. Observed-sample terminal; verify."
100000000976943100,transit,0.68,11,0.619393,"Transit signs: 1 payers/1 tx in, 1 recipients/3 tx out; forwarded 120% of recorded inflow. Verify."
100000000978041100,terminal,0.82,1,0.386193,"No captured outflow at hop 1; 44,445 KZT from 1 payers/1 tx. Observed-sample terminal; verify."
100000000979567100,terminal,0.82,1,0.536259,"No captured outflow at hop 2; 10,000 KZT from 1 payers/1 tx. Observed-sample terminal; verify."
100000000979923100,terminal,0.82,11,0.433166,"No captured outflow at hop 1; 97,900 KZT from 1 payers/1 tx. Observed-sample terminal; verify."
100000000981693100,terminal,0.45,0,0.492668,"Hop 4: 16,500 KZT from 1 payers/1 tx, 0 captured recipients; depth-cutoff artifact possible; terminal status unproven."
100000000993112100,terminal,0.82,32,0.518502,"No captured outflow at hop 2; 141,000 KZT from 1 payers/1 tx. Observed-sample terminal; verify."
100000000998559100,terminal,0.82,2,0.448854,"No captured outflow at hop 1; 100,000 KZT from 1 payers/1 tx. Observed-sample terminal; verify."
100000001009583100,terminal,0.82,6,0.360225,"No captured outflow at hop 3; 393,740 KZT from 1 payers/1 tx. Observed-sample terminal; verify."
100000001046057100,terminal,0.82,5,0.414297,"No captured outflow at hop 3; 83,420 KZT from 1 payers/1 tx. Observed-sample terminal; verify."
100000001046626100,terminal,0.82,6,0.309891,"No captured outflow at hop 3; 150,000 KZT from 1 payers/1 tx. Observed-sample terminal; verify."
100000001049200100,coordinator,0.76,18,0.747430,"Coordination signs: 2 payers/2 tx in, 4 recipients/5 tx out; betweenness p99, 2 seeds within 2 hops. Verify."
100000001052789100,terminal,0.82,18,0.358489,"No captured outflow at hop 3; 70,975 KZT from 1 payers/1 tx. Observed-sample terminal; verify."
100000001052945100,distributor,0.66,55,0.567023,"Fan-out signs: 3 recipients/6 tx, 1,595,700 KZT out; 1 payers/1 tx in. Verify."
100000001053894100,terminal,0.45,39,0.477982,"Hop 4: 2,000,000 KZT from 1 payers/7 tx, 0 captured recipients; depth-cutoff artifact possible; terminal status unproven."
100000001056414100,terminal,0.82,9,0.357822,"No captured outflow at hop 3; 250,000 KZT from 1 payers/1 tx. Observed-sample terminal; verify."
100000001063678100,peripheral,0.50,22,0.608801,"1 payers/1 tx in (35,000 KZT), 2 recipients/2 tx out (90,000 KZT); no strong role signal."
100000001065234100,terminal,0.45,56,0.508022,"Hop 4: 360,000 KZT from 1 payers/1 tx, 0 captured recipients; depth-cutoff artifact possible; terminal status unproven."
100000001065481100,terminal,0.45,13,0.474644,"Hop 4: 16,000 KZT from 1 payers/2 tx, 0 captured recipients; depth-cutoff artifact possible; terminal status unproven."
100000001066017100,distributor,0.66,0,0.683089,"Fan-out signs: 4 recipients/4 tx, 82,500 KZT out; 2 payers/3 tx in. Verify."
100000001072022100,terminal,0.82,2,0.688229,"No captured outflow at hop 1; 1,684,000 KZT from 3 payers/6 tx. Observed-sample terminal; verify."
100000001073568100,peripheral,0.50,14,0.647319,"1 payers/4 tx in (707,465 KZT), 2 recipients/3 tx out (219,503 KZT); no strong role signal."
100000001074553100,terminal,0.82,17,0.473999,"No captured outflow at hop 1; 28,971 KZT from 2 payers/2 tx. Observed-sample terminal; verify."
100000001083990100,terminal,0.82,12,0.529183,"No captured outflow at hop 2; 49,900 KZT from 1 payers/2 tx. Observed-sample terminal; verify."
100000001089055100,terminal,0.45,16,0.468035,"Hop 4: 13,000 KZT from 1 payers/1 tx, 0 captured recipients; depth-cutoff artifact possible; terminal status unproven."
100000001102676100,transit,0.68,2,0.632521,"Transit signs: 1 payers/1 tx in, 1 recipients/1 tx out; forwarded 100% of recorded inflow. Verify."
100000001103905100,terminal,0.82,1,0.339731,"No captured outflow at hop 1; 18,000 KZT from 1 payers/1 tx. Observed-sample terminal; verify."
100000001110358100,terminal,0.82,0,0.443113,"No captured outflow at hop 3; 32,000 KZT from 2 payers/2 tx. Observed-sample terminal; verify."
100000001111763100,terminal,0.82,1,0.336593,"No captured outflow at hop 1; 17,144 KZT from 1 payers/1 tx. Observed-sample terminal; verify."
100000001114385100,terminal,0.82,2,0.370416,"No captured outflow at hop 2; 29,500 KZT from 1 payers/1 tx. Observed-sample terminal; verify."
100000001126374100,consolidator,0.72,0,0.768447,"Consolidation signs: 4 payers/7 tx, 182,500 KZT in; forwarded 16% of recorded inflow; verify."
100000001130176100,terminal,0.82,0,0.512695,"No captured outflow at hop 3; 25,000 KZT from 1 payers/2 tx. Observed-sample terminal; verify."
100000001130553100,terminal,0.45,6,0.505619,"Hop 4: 18,000 KZT from 1 payers/2 tx, 0 captured recipients; depth-cutoff artifact possible; terminal status unproven."
100000001131403100,terminal,0.45,55,0.502414,"Hop 4: 1,570,000 KZT from 1 payers/3 tx, 0 captured recipients; depth-cutoff artifact possible; terminal status unproven."
100000001138283100,peripheral,0.50,4,0.535547,"1 payers/1 tx in (81,805 KZT), 2 recipients/2 tx out (50,000 KZT); no strong role signal."
100000001138376100,terminal,0.82,15,0.351613,"No captured outflow at hop 2; 15,300 KZT from 1 payers/1 tx. Observed-sample terminal; verify."
100000001140785100,terminal,0.82,5,0.521084,"No captured outflow at hop 3; 215,000 KZT from 2 payers/2 tx. Observed-sample terminal; verify."
100000001141268100,consolidator,0.72,20,0.728316,"Consolidation signs: 2 payers/2 tx, 480,000 KZT in; forwarded 2% of recorded inflow; verify."
100000001145749100,terminal,0.82,2,0.483189,"No captured outflow at hop 3; 10,000 KZT from 1 payers/1 tx. Observed-sample terminal; verify."
100000001149815100,terminal,0.82,1,0.272775,"No captured outflow at hop 3; 12,000 KZT from 1 payers/1 tx. Observed-sample terminal; verify."
100000001155773100,terminal,0.82,1,0.292935,"No captured outflow at hop 3; 21,500 KZT from 1 payers/1 tx. Observed-sample terminal; verify."
100000001160401100,terminal,0.82,0,0.384924,"No captured outflow at hop 3; 47,190 KZT from 1 payers/2 tx. Observed-sample terminal; verify."
100000001162560100,distributor,0.66,17,0.627092,"Fan-out signs: 12 recipients/14 tx, 2,904,398 KZT out; 1 payers/2 tx in. Verify."
100000001164648100,terminal,0.82,7,0.460269,"No captured outflow at hop 1; 13,660 KZT from 2 payers/2 tx. Observed-sample terminal; verify."
100000001166289100,consolidator,0.72,1,0.746006,"Consolidation signs: 2 payers/10 tx, 721,039 KZT in; forwarded 3% of recorded inflow; verify."
100000001169666100,peripheral,0.50,7,0.581409,"1 payers/2 tx in (220,000 KZT), 1 recipients/1 tx out (24,000 KZT); no strong role signal."
100000001184915100,terminal,0.82,15,0.483923,"No captured outflow at hop 2; 201,000 KZT from 1 payers/2 tx. Observed-sample terminal; verify."
100000001194266100,terminal,0.82,2,0.410737,"No captured outflow at hop 1; 50,000 KZT from 1 payers/1 tx. Observed-sample terminal; verify."
100000001202637100,terminal,0.45,7,0.508422,"Hop 4: 10,000 KZT from 1 payers/1 tx, 0 captured recipients; depth-cutoff artifact possible; terminal status unproven."
100000001202787100,terminal,0.45,0,0.554862,"Hop 4: 14,850 KZT from 2 payers/2 tx, 0 captured recipients; depth-cutoff artifact possible; terminal status unproven."
100000001220124100,terminal,0.45,4,0.504016,"Hop 4: 40,000 KZT from 1 payers/1 tx, 0 captured recipients; depth-cutoff artifact possible; terminal status unproven."
100000001222245100,terminal,0.45,6,0.508823,"Hop 4: 420,000 KZT from 1 payers/5 tx, 0 captured recipients; depth-cutoff artifact possible; terminal status unproven."
100000001222263100,peripheral,0.50,6,0.548632,"1 payers/1 tx in (745,570 KZT), 1 recipients/5 tx out (420,000 KZT); no strong role signal."
100000001223977100,peripheral,0.50,50,0.552915,"1 payers/1 tx in (5,000 KZT), 1 recipients/1 tx out (18,000 KZT); no strong role signal."
100000001227106100,terminal,0.82,6,0.314297,"No captured outflow at hop 3; 164,765 KZT from 1 payers/1 tx. Observed-sample terminal; verify."
100000001229743100,transit,0.68,0,0.437550,"Transit signs: 1 payers/1 tx in, 1 recipients/1 tx out; forwarded 129% of recorded inflow. Verify."
100000001232297100,peripheral,0.50,13,0.418680,"1 payers/1 tx in (5,000 KZT), 2 recipients/2 tx out (45,000 KZT); no strong role signal."
100000001236706100,consolidator,0.72,13,0.886860,"Consolidation signs: 3 payers/3 tx, 142,700 KZT in; forwarded 25% of recorded inflow; verify."
100000001241318100,terminal,0.82,0,0.536660,"No captured outflow at hop 2; 53,000 KZT from 1 payers/1 tx. Observed-sample terminal; verify."
100000001246806100,terminal,0.45,5,0.498275,"Hop 4: 130,000 KZT from 1 payers/1 tx, 0 captured recipients; depth-cutoff artifact possible; terminal status unproven."
100000001248999100,terminal,0.82,16,0.296940,"No captured outflow at hop 3; 23,425 KZT from 1 payers/1 tx. Observed-sample terminal; verify."
100000001249054100,terminal,0.45,7,0.324577,"Hop 4: 17,375 KZT from 1 payers/1 tx, 0 captured recipients; depth-cutoff artifact possible; terminal status unproven."
100000001250022100,terminal,0.82,8,0.386860,"No captured outflow at hop 2; 50,000 KZT from 1 payers/1 tx. Observed-sample terminal; verify."
100000001251686100,terminal,0.82,2,0.394871,"No captured outflow at hop 2; 18,000 KZT from 1 payers/1 tx. Observed-sample terminal; verify."
100000001252290100,peripheral,0.50,6,0.459446,"1 payers/1 tx in (141,005 KZT), 1 recipients/1 tx out (5,000 KZT); no strong role signal."
100000001253557100,terminal,0.82,5,0.648732,"No captured outflow at hop 1; 210,200 KZT from 5 payers/5 tx. Observed-sample terminal; verify."
100000001256409100,terminal,0.45,4,0.507221,"Hop 4: 8,000 KZT from 1 payers/1 tx, 0 captured recipients; depth-cutoff artifact possible; terminal status unproven."
100000001262647100,terminal,0.82,15,0.423309,"No captured outflow at hop 2; 23,650 KZT from 1 payers/1 tx. Observed-sample terminal; verify."
100000001270349100,terminal,0.82,8,0.445138,"No captured outflow at hop 3; 200,000 KZT from 1 payers/1 tx. Observed-sample terminal; verify."
100000001270470100,terminal,0.45,0,0.473709,"Hop 4: 28,300 KZT from 1 payers/2 tx, 0 captured recipients; depth-cutoff artifact possible; terminal status unproven."
100000001273783100,terminal,0.82,7,0.395138,"No captured outflow at hop 2; 23,200 KZT from 1 payers/1 tx. Observed-sample terminal; verify."
100000001275557100,terminal,0.45,22,0.441533,"Hop 4: 20,000 KZT from 1 payers/1 tx, 0 captured recipients; depth-cutoff artifact possible; terminal status unproven."
100000001275752100,terminal,0.82,5,0.334591,"No captured outflow at hop 3; 151,500 KZT from 1 payers/1 tx. Observed-sample terminal; verify."
100000001276409100,terminal,0.45,7,0.419237,"Hop 4: 94,760 KZT from 1 payers/1 tx, 0 captured recipients; depth-cutoff artifact possible; terminal status unproven."
100000001279272100,coordinator,0.76,0,0.596139,"Coordination signs: 1 payers/1 tx in, 2 recipients/2 tx out; betweenness p98, 0 seeds within 2 hops. Verify."
100000001279875100,terminal,0.82,9,0.422908,"No captured outflow at hop 2; 49,235 KZT from 1 payers/1 tx. Observed-sample terminal; verify."
100000001280798100,terminal,0.82,7,0.341533,"No captured outflow at hop 3; 23,785 KZT from 1 payers/1 tx. Observed-sample terminal; verify."
100000001282143100,terminal,0.82,9,0.609702,"No captured outflow at hop 3; 1,700,000 KZT from 5 payers/6 tx. Observed-sample terminal; verify."
100000001285440100,terminal,0.82,20,0.529495,"No captured outflow at hop 3; 243,000 KZT from 2 payers/2 tx. Observed-sample terminal; verify."
100000001286703100,terminal,0.45,39,0.271306,"Hop 4: 20,500 KZT from 1 payers/1 tx, 0 captured recipients; depth-cutoff artifact possible; terminal status unproven."
100000001287955100,coordinator,0.76,9,0.621618,"Coordination signs: 1 payers/1 tx in, 4 recipients/5 tx out; betweenness p98, 4 seeds within 2 hops. Verify."
100000001290243100,terminal,0.82,3,0.479361,"No captured outflow at hop 2; 10,000 KZT from 1 payers/1 tx. Observed-sample terminal; verify."
100000001297206100,terminal,0.45,0,0.361026,"Hop 4: 6,758 KZT from 1 payers/1 tx, 0 captured recipients; depth-cutoff artifact possible; terminal status unproven."
100000001298099100,terminal,0.82,7,0.329384,"No captured outflow at hop 3; 19,000 KZT from 1 payers/1 tx. Observed-sample terminal; verify."
100000001299323100,terminal,0.45,5,0.368369,"Hop 4: 109,000 KZT from 1 payers/1 tx, 0 captured recipients; depth-cutoff artifact possible; terminal status unproven."
100000001299443100,terminal,0.45,7,0.304417,"Hop 4: 8,000 KZT from 1 payers/1 tx, 0 captured recipients; depth-cutoff artifact possible; terminal status unproven."
100000001299828100,terminal,0.45,0,0.507354,"Hop 4: 100,000 KZT from 1 payers/1 tx, 0 captured recipients; depth-cutoff artifact possible; terminal status unproven."
100000001303311100,terminal,0.82,20,0.630263,"No captured outflow at hop 3; 1,324,000 KZT from 5 payers/5 tx. Observed-sample terminal; verify."
100000001307612100,terminal,0.82,1,0.378182,"No captured outflow at hop 1; 38,483 KZT from 1 payers/1 tx. Observed-sample terminal; verify."
100000001308856100,terminal,0.82,1,0.385125,"No captured outflow at hop 2; 27,000 KZT from 1 payers/1 tx. Observed-sample terminal; verify."
100000001311175100,terminal,0.45,9,0.496540,"Hop 4: 300,000 KZT from 1 payers/1 tx, 0 captured recipients; depth-cutoff artifact possible; terminal status unproven."
100000001317336100,peripheral,0.50,30,0.621607,"1 payers/1 tx in (131,196 KZT), 2 recipients/3 tx out (1,752,000 KZT); no strong role signal."
100000001325618100,terminal,0.45,7,0.311627,"Hop 4: 9,300 KZT from 1 payers/1 tx, 0 captured recipients; depth-cutoff artifact possible; terminal status unproven."
100000001329153100,terminal,0.82,0,0.339530,"No captured outflow at hop 3; 150,687 KZT from 1 payers/1 tx. Observed-sample terminal; verify."
100000001330595100,peripheral,0.50,24,0.839887,"3 payers/6 tx in (87,000 KZT), 1 recipients/1 tx out (154,000 KZT); no strong role signal."
100000001330685100,consolidator,0.72,6,0.801647,"Consolidation signs: 3 payers/7 tx, 2,435,923 KZT in; forwarded 4% of recorded inflow; verify."
100000001339466100,terminal,0.82,2,0.424777,"No captured outflow at hop 2; 30,000 KZT from 1 payers/1 tx. Observed-sample terminal; verify."
100000001346560100,peripheral,0.50,2,0.859045,"2 payers/2 tx in (10,000 KZT), 1 recipients/1 tx out (22,200 KZT); no strong role signal."
100000001362940100,terminal,0.82,2,0.438774,"No captured outflow at hop 1; 81,000 KZT from 1 payers/1 tx. Observed-sample terminal; verify."
100000001363952100,consolidator,0.72,4,0.716745,"Consolidation signs: 2 payers/2 tx, 196,655 KZT in; forwarded 46% of recorded inflow; verify."
100000001373265100,peripheral,0.50,4,0.560113,"1 payers/1 tx in (142,482 KZT), 1 recipients/1 tx out (5,000 KZT); no strong role signal."
100000001378288100,terminal,0.45,4,0.491199,"Hop 4: 268,000 KZT from 1 payers/3 tx, 0 captured recipients; depth-cutoff artifact possible; terminal status unproven."
100000001379511100,terminal,0.82,5,0.390665,"No captured outflow at hop 3; 55,000 KZT from 1 payers/1 tx. Observed-sample terminal; verify."
100000001380054100,distributor,0.66,28,0.840955,"Fan-out signs: 3 recipients/4 tx, 360,000 KZT out; 2 payers/2 tx in. Verify."
100000001380107100,terminal,0.82,53,0.314697,"No captured outflow at hop 3; 6,000 KZT from 1 payers/1 tx. Observed-sample terminal; verify."
100000001380986100,terminal,0.82,17,0.367501,"No captured outflow at hop 2; 70,170 KZT from 1 payers/1 tx. Observed-sample terminal; verify."
100000001382002100,transit,0.68,0,0.608912,"Transit signs: 1 payers/2 tx in, 1 recipients/3 tx out; forwarded 103% of recorded inflow. Verify."
100000001384826100,peripheral,0.50,6,0.509646,"1 payers/1 tx in (364,260 KZT), 1 recipients/1 tx out (10,000 KZT); no strong role signal."
100000001386612100,terminal,0.82,19,0.543959,"No captured outflow at hop 2; 62,264 KZT from 1 payers/1 tx. Observed-sample terminal; verify."
100000001389255100,terminal,0.82,1,0.334924,"No captured outflow at hop 1; 16,136 KZT from 1 payers/1 tx. Observed-sample terminal; verify."
100000001411870100,terminal,0.82,8,0.657176,"No captured outflow at hop 1; 900,000 KZT from 2 payers/4 tx. Observed-sample terminal; verify."
100000001415126100,terminal,0.50,19,0.538084,"No captured outflow at hop 0; 27,000 KZT from 1 payers/1 tx. Observed-sample terminal; verify. Seed inflow is understated."
100000001418900100,terminal,0.82,1,0.405552,"No captured outflow at hop 2; 40,140 KZT from 1 payers/2 tx. Observed-sample terminal; verify."
100000001420847100,terminal,0.82,18,0.420906,"No captured outflow at hop 2; 20,000 KZT from 1 payers/2 tx. Observed-sample terminal; verify."
100000001427082100,distributor,0.66,21,0.676090,"Fan-out signs: 5 recipients/6 tx, 124,900 KZT out; 1 payers/1 tx in. Verify."
100000001429930100,terminal,0.50,13,0.514720,"No captured outflow at hop 0; 26,000 KZT from 1 payers/1 tx. Observed-sample terminal; verify. Seed inflow is understated."
100000001439416100,peripheral,0.50,31,0.608734,"1 payers/1 tx in (10,000 KZT), 2 recipients/3 tx out (165,000 KZT); no strong role signal."
100000001445848100,peripheral,0.50,34,0.569726,"1 payers/13 tx in (546,000 KZT), 1 recipients/14 tx out (351,850 KZT); no strong role signal."
100000001463701100,terminal,0.82,11,0.689619,"No captured outflow at hop 1; 621,000 KZT from 2 payers/2 tx. Observed-sample terminal; verify."
100000001471706100,terminal,0.45,19,0.504350,"Hop 4: 377,000 KZT from 1 payers/8 tx, 0 captured recipients; depth-cutoff artifact possible; terminal status unproven."
100000001477796100,terminal,0.82,2,0.490576,"No captured outflow at hop 1; 182,000 KZT from 1 payers/1 tx. Observed-sample terminal; verify."
100000001484381100,terminal,0.82,7,0.531498,"No captured outflow at hop 3; 95,585 KZT from 2 payers/4 tx. Observed-sample terminal; verify."
100000001490461100,peripheral,0.50,7,0.625401,"1 payers/1 tx in (20,000 KZT), 1 recipients/1 tx out (5,000 KZT); no strong role signal."
100000001498732100,terminal,0.45,5,0.298943,"Hop 4: 5,500 KZT from 1 payers/1 tx, 0 captured recipients; depth-cutoff artifact possible; terminal status unproven."
100000001524952100,terminal,0.82,0,0.426647,"No captured outflow at hop 1; 103,807 KZT from 1 payers/1 tx. Observed-sample terminal; verify."
100000001526235100,coordinator,0.76,25,0.920628,"Coordination signs: 3 payers/4 tx in, 8 recipients/9 tx out; betweenness p96, 1 seeds within 2 hops. Verify."
100000001527186100,terminal,0.82,2,0.533300,"No captured outflow at hop 1; 678,000 KZT from 1 payers/2 tx. Observed-sample terminal; verify."
100000001530709100,terminal,0.82,0,0.286927,"No captured outflow at hop 3; 53,961 KZT from 1 payers/1 tx. Observed-sample terminal; verify."
100000001530740100,terminal,0.82,3,0.534791,"No captured outflow at hop 2; 15,000 KZT from 1 payers/1 tx. Observed-sample terminal; verify."
100000001530983100,coordinator,0.76,3,0.867768,"Coordination signs: 4 payers/4 tx in, 11 recipients/17 tx out; betweenness p97, 3 seeds within 2 hops. Verify."
100000001533161100,terminal,0.45,44,0.422308,"Hop 4: 100,000 KZT from 1 payers/1 tx, 0 captured recipients; depth-cutoff artifact possible; terminal status unproven."
100000001534244100,consolidator,0.72,5,0.713106,"Consolidation signs: 2 payers/2 tx, 366,000 KZT in; forwarded 12% of recorded inflow; verify."
100000001537524100,terminal,0.45,9,0.361693,"Hop 4: 150,000 KZT from 1 payers/1 tx, 0 captured recipients; depth-cutoff artifact possible; terminal status unproven."
100000001538095100,terminal,0.82,9,0.539241,"No captured outflow at hop 3; 280,000 KZT from 2 payers/2 tx. Observed-sample terminal; verify."
100000001541418100,terminal,0.82,17,0.535303,"No captured outflow at hop 2; 96,900 KZT from 2 payers/2 tx. Observed-sample terminal; verify."
100000001549194100,terminal,0.82,14,0.361960,"No captured outflow at hop 3; 46,500 KZT from 1 payers/1 tx. Observed-sample terminal; verify."
100000001550388100,terminal,0.82,0,0.386660,"No captured outflow at hop 1; 50,000 KZT from 1 payers/1 tx. Observed-sample terminal; verify."
100000001550419100,terminal,0.82,14,0.325111,"No captured outflow at hop 3; 23,000 KZT from 1 payers/1 tx. Observed-sample terminal; verify."
100000001554432100,terminal,0.82,2,0.414875,"No captured outflow at hop 1; 53,920 KZT from 1 payers/1 tx. Observed-sample terminal; verify."
100000001557930100,terminal,0.82,8,0.366700,"No captured outflow at hop 2; 34,610 KZT from 1 payers/1 tx. Observed-sample terminal; verify."
100000001567366100,terminal,0.82,3,0.496874,"No captured outflow at hop 1; 824,070 KZT from 1 payers/4 tx. Observed-sample terminal; verify."
100000001578517100,terminal,0.82,3,0.373954,"No captured outflow at hop 2; 30,000 KZT from 1 payers/1 tx. Observed-sample terminal; verify."
100000001584286100,terminal,0.82,9,0.578961,"No captured outflow at hop 2; 738,699 KZT from 2 payers/3 tx. Observed-sample terminal; verify."
100000001590795100,terminal,0.45,7,0.282788,"Hop 4: 5,060 KZT from 1 payers/1 tx, 0 captured recipients; depth-cutoff artifact possible; terminal status unproven."
100000001597424100,terminal,0.82,14,0.364230,"No captured outflow at hop 3; 48,100 KZT from 1 payers/1 tx. Observed-sample terminal; verify."
100000001597505100,peripheral,0.50,32,0.626669,"1 payers/1 tx in (26,460 KZT), 1 recipients/1 tx out (12,920 KZT); no strong role signal."
100000001598625100,terminal,0.45,4,0.473509,"Hop 4: 25,000 KZT from 1 payers/1 tx, 0 captured recipients; depth-cutoff artifact possible; terminal status unproven."
100000001600934100,peripheral,0.50,4,0.594292,"1 payers/2 tx in (180,300 KZT), 1 recipients/1 tx out (11,000 KZT); no strong role signal."
100000001601320100,transit,0.68,10,0.826580,"Transit signs: 2 payers/2 tx in, 1 recipients/1 tx out; forwarded 106% of recorded inflow. Verify."
100000001609499100,consolidator,0.72,0,0.643591,"Consolidation signs: 3 payers/3 tx, 263,113 KZT in; forwarded 8% of recorded inflow; verify."
100000001611488100,terminal,0.82,6,0.648453,"No captured outflow at hop 3; 779,300 KZT from 2 payers/3 tx. Observed-sample terminal; verify."
100000001616816100,coordinator,0.76,8,0.962839,"Coordination signs: 5 payers/12 tx in, 3 recipients/10 tx out; betweenness p94, 3 seeds within 2 hops. Verify. Seed inflow is understated."
100000001632325100,terminal,0.82,1,0.362628,"No captured outflow at hop 3; 85,600 KZT from 1 payers/3 tx. Observed-sample terminal; verify."
100000001633685100,terminal,0.82,0,0.581842,"No captured outflow at hop 2; 45,000 KZT from 3 payers/3 tx. Observed-sample terminal; verify."
100000001637376100,peripheral,0.50,6,0.451035,"1 payers/1 tx in (116,700 KZT), 1 recipients/2 tx out (234,250 KZT); no strong role signal."
100000001639766100,terminal,0.82,8,0.524444,"No captured outflow at hop 3; 20,000 KZT from 1 payers/1 tx. Observed-sample terminal; verify."
100000001641789100,terminal,0.82,8,0.526513,"No captured outflow at hop 1; 17,826 KZT from 1 payers/1 tx. Observed-sample terminal; verify."
100000001641951100,terminal,0.82,2,0.477759,"No captured outflow at hop 2; 25,000 KZT from 1 payers/4 tx. Observed-sample terminal; verify."
100000001648936100,terminal,0.82,8,0.421840,"No captured outflow at hop 2; 92,740 KZT from 1 payers/1 tx. Observed-sample terminal; verify."
100000001650895100,peripheral,0.50,7,0.559646,"1 payers/1 tx in (153,500 KZT), 1 recipients/1 tx out (10,000 KZT); no strong role signal."
100000001660397100,coordinator,0.76,0,0.703149,"Coordination signs: 2 payers/2 tx in, 3 recipients/4 tx out; betweenness p96, 1 seeds within 2 hops. Verify."
100000001669260100,terminal,0.45,4,0.513362,"Hop 4: 500,000 KZT from 1 payers/1 tx, 0 captured recipients; depth-cutoff artifact possible; terminal status unproven."
100000001674850100,terminal,0.82,5,0.518013,"No captured outflow at hop 3; 237,000 KZT from 2 payers/2 tx. Observed-sample terminal; verify."
100000001677389100,peripheral,0.50,16,0.439820,"1 payers/1 tx in (11,000 KZT), 1 recipients/1 tx out (5,400 KZT); no strong role signal."
100000001677929100,peripheral,0.50,10,0.878227,"3 payers/3 tx in (126,777 KZT), 2 recipients/4 tx out (286,098 KZT); no strong role signal."
100000001680944100,terminal,0.82,20,0.439931,"No captured outflow at hop 3; 393,000 KZT from 1 payers/1 tx. Observed-sample terminal; verify."
100000001684867100,terminal,0.82,3,0.333589,"No captured outflow at hop 1; 30,550 KZT from 1 payers/1 tx. Observed-sample terminal; verify."
100000001686328100,terminal,0.82,5,0.409090,"No captured outflow at hop 3; 140,000 KZT from 1 payers/1 tx. Observed-sample terminal; verify."
100000001688676100,terminal,0.82,18,0.393202,"No captured outflow at hop 3; 133,700 KZT from 1 payers/1 tx. Observed-sample terminal; verify."
100000001689968100,terminal,0.82,6,0.566978,"No captured outflow at hop 3; 344,334 KZT from 3 payers/3 tx. Observed-sample terminal; verify."
100000001690439100,terminal,0.82,6,0.482655,"No captured outflow at hop 3; 14,200 KZT from 1 payers/1 tx. Observed-sample terminal; verify."
100000001690558100,terminal,0.82,18,0.469838,"No captured outflow at hop 3; 740,000 KZT from 1 payers/1 tx. Observed-sample terminal; verify."
100000001696818100,terminal,0.82,2,0.424622,"No captured outflow at hop 1; 53,550 KZT from 1 payers/1 tx. Observed-sample terminal; verify."
100000001697501100,coordinator,0.76,1,0.903516,"Coordination signs: 3 payers/3 tx in, 38 recipients/55 tx out; betweenness p96, 1 seeds within 2 hops. Verify."
100000001703168100,peripheral,0.50,2,0.544671,"1 payers/1 tx in (45,000 KZT), 1 recipients/1 tx out (90,000 KZT); no strong role signal."
100000001714173100,terminal,0.82,20,0.515231,"No captured outflow at hop 3; 638,905 KZT from 1 payers/6 tx. Observed-sample terminal; verify."
100000001714413100,terminal,0.82,6,0.336994,"No captured outflow at hop 3; 250,172 KZT from 1 payers/1 tx. Observed-sample terminal; verify."
100000001714883100,terminal,0.45,7,0.297207,"Hop 4: 6,900 KZT from 1 payers/1 tx, 0 captured recipients; depth-cutoff artifact possible; terminal status unproven."
100000001716579100,terminal,0.82,1,0.327181,"No captured outflow at hop 1; 13,916 KZT from 1 payers/1 tx. Observed-sample terminal; verify."
100000001724740100,terminal,0.45,5,0.501346,"Hop 4: 185,000 KZT from 1 payers/4 tx, 0 captured recipients; depth-cutoff artifact possible; terminal status unproven."
100000001726614100,terminal,0.82,0,0.359023,"No captured outflow at hop 3; 138,717 KZT from 1 payers/1 tx. Observed-sample terminal; verify."
100000001732159100,consolidator,0.62,37,0.902003,"Consolidation signs: 2 payers/30 tx, 2,378,100 KZT observed in, 4 recipients; seed inflow is understated. Verify."
100000001733216100,terminal,0.45,60,0.468569,"Hop 4: 60,000 KZT from 1 payers/2 tx, 0 captured recipients; depth-cutoff artifact possible; terminal status unproven."
100000001733687100,terminal,0.82,5,0.389330,"No captured outflow at hop 3; 300,000 KZT from 1 payers/1 tx. Observed-sample terminal; verify."
100000001737722100,terminal,0.82,2,0.456286,"No captured outflow at hop 2; 60,460 KZT from 1 payers/1 tx. Observed-sample terminal; verify."
100000001740277100,peripheral,0.50,10,0.498431,"1 payers/1 tx in (8,700 KZT), 1 recipients/1 tx out (5,000 KZT); no strong role signal."
100000001745217100,terminal,0.82,0,0.306019,"No captured outflow at hop 3; 50,000 KZT from 1 payers/1 tx. Observed-sample terminal; verify."
100000001746925100,coordinator,0.76,2,0.608712,"Coordination signs: 1 payers/1 tx in, 1 recipients/1 tx out; betweenness p94, 2 seeds within 2 hops. Verify."
100000001782980100,peripheral,0.50,28,0.632955,"1 payers/1 tx in (50,000 KZT), 1 recipients/3 tx out (596,200 KZT); no strong role signal."
100000001784279100,terminal,0.82,0,0.289464,"No captured outflow at hop 3; 35,674 KZT from 1 payers/1 tx. Observed-sample terminal; verify."
100000001785161100,terminal,0.82,29,0.539909,"No captured outflow at hop 3; 30,000 KZT from 2 payers/2 tx. Observed-sample terminal; verify."
100000001788284100,distributor,0.66,25,0.561716,"Fan-out signs: 5 recipients/8 tx, 296,700 KZT out; 1 payers/1 tx in. Verify."
100000001805543100,terminal,0.82,3,0.364297,"No captured outflow at hop 1; 59,000 KZT from 1 payers/1 tx. Observed-sample terminal; verify."
100000001808684100,transit,0.68,8,0.584680,"Transit signs: 1 payers/3 tx in, 1 recipients/2 tx out; forwarded 78% of recorded inflow. Verify."
100000001816678100,terminal,0.45,2,0.437461,"Hop 4: 60,000 KZT from 1 payers/1 tx, 0 captured recipients; depth-cutoff artifact possible; terminal status unproven."
100000001818442100,terminal,0.82,7,0.374377,"No captured outflow at hop 3; 42,215 KZT from 1 payers/1 tx. Observed-sample terminal; verify."
100000001819396100,terminal,0.82,26,0.424844,"No captured outflow at hop 3; 166,080 KZT from 1 payers/1 tx. Observed-sample terminal; verify."
100000001822623100,terminal,0.82,22,0.462962,"No captured outflow at hop 2; 201,300 KZT from 1 payers/1 tx. Observed-sample terminal; verify."
100000001822650100,terminal,0.45,5,0.387194,"Hop 4: 112,000 KZT from 1 payers/1 tx, 0 captured recipients; depth-cutoff artifact possible; terminal status unproven."
100000001825934100,peripheral,0.50,36,0.621862,"1 payers/1 tx in (40,000 KZT), 1 recipients/1 tx out (97,000 KZT); no strong role signal."
100000001831496100,peripheral,0.50,11,0.515343,"1 payers/1 tx in (25,000 KZT), 1 recipients/1 tx out (373,000 KZT); no strong role signal."
100000001835625100,terminal,0.82,6,0.277982,"No captured outflow at hop 3; 75,130 KZT from 1 payers/1 tx. Observed-sample terminal; verify."
100000001837130100,terminal,0.82,0,0.373042,"No captured outflow at hop 3; 172,900 KZT from 1 payers/1 tx. Observed-sample terminal; verify."
100000001845505100,terminal,0.45,4,0.518436,"Hop 4: 20,000 KZT from 1 payers/1 tx, 0 captured recipients; depth-cutoff artifact possible; terminal status unproven."
100000001848426100,terminal,0.82,8,0.424110,"No captured outflow at hop 2; 95,530 KZT from 1 payers/1 tx. Observed-sample terminal; verify."
100000001851289100,terminal,0.82,3,0.398476,"No captured outflow at hop 1; 109,510 KZT from 1 payers/3 tx. Observed-sample terminal; verify."
100000001852140100,terminal,0.82,57,0.532988,"No captured outflow at hop 3; 30,000 KZT from 1 payers/1 tx. Observed-sample terminal; verify."
100000001853812100,terminal,0.82,4,0.367968,"No captured outflow at hop 3; 70,000 KZT from 1 payers/1 tx. Observed-sample terminal; verify."
100000001857829100,coordinator,0.76,4,0.955062,"Coordination signs: 6 payers/9 tx in, 16 recipients/16 tx out; betweenness p99, 3 seeds within 2 hops. Verify."
100000001860090100,terminal,0.82,8,0.457555,"No captured outflow at hop 3; 5,000 KZT from 1 payers/1 tx. Observed-sample terminal; verify."
100000001870116100,terminal,0.82,1,0.353482,"No captured outflow at hop 1; 24,000 KZT from 1 payers/1 tx. Observed-sample terminal; verify."
100000001872484100,distributor,0.66,54,0.745817,"Fan-out signs: 3 recipients/9 tx, 514,580 KZT out; 1 payers/13 tx in. Verify."
100000001875167100,terminal,0.82,6,0.413362,"No captured outflow at hop 3; 1,000,000 KZT from 1 payers/2 tx. Observed-sample terminal; verify."
100000001875239100,terminal,0.82,5,0.562305,"No captured outflow at hop 3; 712,000 KZT from 3 payers/3 tx. Observed-sample terminal; verify."
100000001884825100,terminal,0.82,5,0.567779,"No captured outflow at hop 3; 495,000 KZT from 3 payers/3 tx. Observed-sample terminal; verify."
100000001887715100,peripheral,0.50,20,0.826903,"3 payers/4 tx in (1,331,500 KZT), 1 recipients/1 tx out (750,000 KZT); no strong role signal."
100000001893287100,peripheral,0.50,8,0.563318,"1 payers/3 tx in (18,000 KZT), 1 recipients/14 tx out (152,700 KZT); no strong role signal."
100000001899164100,coordinator,0.76,12,0.945750,"Coordination signs: 4 payers/5 tx in, 3 recipients/3 tx out; betweenness p94, 2 seeds within 2 hops. Verify."
100000001904863100,terminal,0.82,14,0.525045,"No captured outflow at hop 2; 500,000 KZT from 1 payers/1 tx. Observed-sample terminal; verify."
100000001924185100,terminal,0.82,11,0.580251,"No captured outflow at hop 1; 151,000 KZT from 2 payers/2 tx. Observed-sample terminal; verify."
100000001927599100,terminal,0.82,7,0.536704,"No captured outflow at hop 3; 188,000 KZT from 2 payers/2 tx. Observed-sample terminal; verify."
100000001929088100,terminal,0.82,10,0.586949,"No captured outflow at hop 1; 396,010 KZT from 2 payers/2 tx. Observed-sample terminal; verify."
100000001934935100,terminal,0.82,0,0.326446,"No captured outflow at hop 3; 118,935 KZT from 1 payers/1 tx. Observed-sample terminal; verify."
100000001937767100,distributor,0.66,14,0.773487,"Fan-out signs: 4 recipients/6 tx, 1,933,000 KZT out; 1 payers/1 tx in. Verify."
100000001952325100,terminal,0.82,1,0.418102,"No captured outflow at hop 1; 77,888 KZT from 1 payers/2 tx. Observed-sample terminal; verify."
100000001953577100,terminal,0.82,1,0.333055,"No captured outflow at hop 1; 15,600 KZT from 1 payers/1 tx. Observed-sample terminal; verify."
100000001954534100,peripheral,0.50,0,0.611771,"1 payers/1 tx in (13,000 KZT), 1 recipients/1 tx out (40,000 KZT); no strong role signal."
100000001954903100,terminal,0.82,7,0.402081,"No captured outflow at hop 2; 27,118 KZT from 1 payers/1 tx. Observed-sample terminal; verify."
100000001957974100,terminal,0.45,14,0.417501,"Hop 4: 500,000 KZT from 1 payers/1 tx, 0 captured recipients; depth-cutoff artifact possible; terminal status unproven."
100000001960517100,terminal,0.82,8,0.510603,"No captured outflow at hop 1; 200,000 KZT from 1 payers/1 tx. Observed-sample terminal; verify."
100000001961048100,terminal,0.82,29,0.425045,"No captured outflow at hop 2; 150,000 KZT from 1 payers/1 tx. Observed-sample terminal; verify."
100000001965374100,distributor,0.66,23,0.854940,"Fan-out signs: 3 recipients/5 tx, 3,082,100 KZT out; 2 payers/8 tx in. Verify."
100000001969496100,terminal,0.82,14,0.324177,"No captured outflow at hop 3; 22,740 KZT from 1 payers/1 tx. Observed-sample terminal; verify."
100000001985793100,terminal,0.82,8,0.496073,"No captured outflow at hop 2; 420,000 KZT from 1 payers/1 tx. Observed-sample terminal; verify."
100000001987030100,peripheral,0.50,15,0.695561,"2 payers/2 tx in (30,864 KZT), 1 recipients/1 tx out (19,000 KZT); no strong role signal."
100000001991973100,terminal,0.45,7,0.354350,"Hop 4: 20,800 KZT from 1 payers/1 tx, 0 captured recipients; depth-cutoff artifact possible; terminal status unproven."
100000002015633100,terminal,0.82,6,0.287995,"No captured outflow at hop 3; 94,970 KZT from 1 payers/1 tx. Observed-sample terminal; verify."
100000002028158100,terminal,0.82,15,0.395405,"No captured outflow at hop 2; 34,800 KZT from 1 payers/1 tx. Observed-sample terminal; verify."
100000002032323100,peripheral,0.50,5,0.626324,"1 payers/1 tx in (300,000 KZT), 1 recipients/2 tx out (1,050,000 KZT); no strong role signal."
100000002087788100,terminal,0.82,6,0.567101,"No captured outflow at hop 2; 100,500 KZT from 1 payers/1 tx. Observed-sample terminal; verify."
100000002095257100,terminal,0.82,12,0.465165,"No captured outflow at hop 3; 8,500 KZT from 1 payers/1 tx. Observed-sample terminal; verify."
100000002103448100,terminal,0.82,1,0.303950,"No captured outflow at hop 3; 27,000 KZT from 1 payers/1 tx. Observed-sample terminal; verify."
100000002109656100,terminal,0.82,9,0.395338,"No captured outflow at hop 3; 500,000 KZT from 1 payers/1 tx. Observed-sample terminal; verify."
100000002116705100,terminal,0.82,1,0.283189,"No captured outflow at hop 3; 17,600 KZT from 1 payers/1 tx. Observed-sample terminal; verify."
100000002119762100,terminal,0.45,6,0.493069,"Hop 4: 77,000 KZT from 1 payers/6 tx, 0 captured recipients; depth-cutoff artifact possible; terminal status unproven."
100000002121357100,consolidator,0.72,5,0.699622,"Consolidation signs: 2 payers/2 tx, 255,300 KZT in; forwarded 44% of recorded inflow; verify."
100000002126791100,terminal,0.45,5,0.515365,"Hop 4: 1,313,000 KZT from 1 payers/3 tx, 0 captured recipients; depth-cutoff artifact possible; terminal status unproven."
100000002130400100,terminal,0.45,36,0.412428,"Hop 4: 10,000 KZT from 1 payers/1 tx, 0 captured recipients; depth-cutoff artifact possible; terminal status unproven."
100000002132479100,peripheral,0.50,14,0.603171,"1 payers/2 tx in (30,000 KZT), 1 recipients/1 tx out (20,000 KZT); no strong role signal."
100000002152857100,coordinator,0.76,8,0.649099,"Coordination signs: 1 payers/1 tx in, 5 recipients/6 tx out; betweenness p97, 4 seeds within 2 hops. Verify."
100000002156381100,consolidator,0.72,11,0.868603,"Consolidation signs: 2 payers/7 tx, 61,000 KZT in; forwarded 36% of recorded inflow; verify."
100000002158488100,terminal,0.82,1,0.367768,"No captured outflow at hop 1; 31,723 KZT from 1 payers/1 tx. Observed-sample terminal; verify."
100000002170580100,terminal,0.82,7,0.488062,"No captured outflow at hop 2; 150,000 KZT from 1 payers/1 tx. Observed-sample terminal; verify."
100000002173070100,terminal,0.82,3,0.373954,"No captured outflow at hop 2; 30,000 KZT from 1 payers/1 tx. Observed-sample terminal; verify."
100000002173161100,terminal,0.82,3,0.648620,"No captured outflow at hop 1; 1,427,500 KZT from 3 payers/5 tx. Observed-sample terminal; verify."
100000002175422100,coordinator,0.76,30,0.914686,"Coordination signs: 3 payers/5 tx in, 6 recipients/14 tx out; betweenness p95, 1 seeds within 2 hops. Verify."
100000002182176100,terminal,0.82,0,0.377114,"No captured outflow at hop 1; 42,465 KZT from 1 payers/1 tx. Observed-sample terminal; verify."
100000002184107100,terminal,0.82,34,0.307555,"No captured outflow at hop 3; 6,066 KZT from 1 payers/1 tx. Observed-sample terminal; verify."
100000002185328100,distributor,0.66,21,0.639642,"Fan-out signs: 4 recipients/4 tx, 55,000 KZT out; 1 payers/1 tx in. Verify."
100000002188586100,terminal,0.45,7,0.368235,"Hop 4: 38,310 KZT from 1 payers/1 tx, 0 captured recipients; depth-cutoff artifact possible; terminal status unproven."
100000002188829100,terminal,0.82,2,0.514475,"No captured outflow at hop 1; 400,000 KZT from 1 payers/1 tx. Observed-sample terminal; verify."
100000002193259100,transit,0.68,12,0.884524,"Transit signs: 2 payers/2 tx in, 3 recipients/3 tx out; forwarded 121% of recorded inflow. Verify."
100000002194320100,terminal,0.45,56,0.484791,"Hop 4: 275,000 KZT from 1 payers/1 tx, 0 captured recipients; depth-cutoff artifact possible; terminal status unproven."
100000002194329100,terminal,0.82,0,0.269437,"No captured outflow at hop 3; 25,170 KZT from 1 payers/1 tx. Observed-sample terminal; verify."
100000002199091100,terminal,0.82,1,0.432788,"No captured outflow at hop 2; 65,000 KZT from 1 payers/1 tx. Observed-sample terminal; verify."
100000002205022100,distributor,0.66,53,0.739085,"Fan-out signs: 3 recipients/3 tx, 518,000 KZT out; 1 payers/1 tx in. Verify."
100000002208836100,terminal,0.45,6,0.427114,"Hop 4: 90,000 KZT from 1 payers/1 tx, 0 captured recipients; depth-cutoff artifact possible; terminal status unproven."
100000002211413100,terminal,0.82,1,0.375779,"No captured outflow at hop 1; 37,000 KZT from 1 payers/1 tx. Observed-sample terminal; verify."
100000002212494100,terminal,0.82,30,0.445939,"No captured outflow at hop 3; 160,000 KZT from 1 payers/1 tx. Observed-sample terminal; verify."
100000002214207100,terminal,0.45,36,0.527514,"Hop 4: 97,000 KZT from 1 payers/1 tx, 0 captured recipients; depth-cutoff artifact possible; terminal status unproven."
100000002214301100,peripheral,0.50,0,0.524777,"1 payers/1 tx in (21,438 KZT), 1 recipients/1 tx out (8,000 KZT); no strong role signal."
100000002214383100,terminal,0.45,1,0.495472,"Hop 4: 213,000 KZT from 1 payers/1 tx, 0 captured recipients; depth-cutoff artifact possible; terminal status unproven."
100000002214570100,terminal,0.82,1,0.358022,"No captured outflow at hop 1; 26,471 KZT from 1 payers/1 tx. Observed-sample terminal; verify."
100000002214664100,peripheral,0.50,1,0.409001,"1 payers/1 tx in (7,950 KZT), 1 recipients/2 tx out (76,950 KZT); no strong role signal."
100000002216999100,terminal,0.82,1,0.297341,"No captured outflow at hop 3; 23,677 KZT from 1 payers/1 tx. Observed-sample terminal; verify."
100000002217161100,coordinator,0.76,34,0.918558,"Coordination signs: 2 payers/15 tx in, 7 recipients/19 tx out; betweenness p95, 2 seeds within 2 hops. Verify."
100000002217806100,terminal,0.45,38,0.479851,"Hop 4: 55,000 KZT from 1 payers/2 tx, 0 captured recipients; depth-cutoff artifact possible; terminal status unproven."
100000002224132100,distributor,0.66,23,0.902770,"Fan-out signs: 4 recipients/25 tx, 12,115,000 KZT out; 5 payers/10 tx in. Verify."
100000002227960100,terminal,0.45,21,0.365899,"Hop 4: 10,000 KZT from 1 payers/1 tx, 0 captured recipients; depth-cutoff artifact possible; terminal status unproven."
100000002227989100,terminal,0.45,21,0.464230,"Hop 4: 20,000 KZT from 1 payers/1 tx, 0 captured recipients; depth-cutoff artifact possible; terminal status unproven."
100000002229615100,terminal,0.45,21,0.529384,"Hop 4: 25,000 KZT from 1 payers/1 tx, 0 captured recipients; depth-cutoff artifact possible; terminal status unproven."
100000002231144100,terminal,0.45,21,0.453149,"Hop 4: 15,000 KZT from 1 payers/1 tx, 0 captured recipients; depth-cutoff artifact possible; terminal status unproven."
100000002232266100,terminal,0.82,4,0.343536,"No captured outflow at hop 3; 45,000 KZT from 1 payers/1 tx. Observed-sample terminal; verify."
100000002236528100,terminal,0.82,10,0.390532,"No captured outflow at hop 3; 66,000 KZT from 1 payers/1 tx. Observed-sample terminal; verify."
100000002241986100,coordinator,0.76,39,0.546462,"Coordination signs: 1 payers/1 tx in, 6 recipients/12 tx out; betweenness p94, 0 seeds within 2 hops. Verify."
100000002242066100,terminal,0.45,34,0.499611,"Hop 4: 60,000 KZT from 1 payers/1 tx, 0 captured recipients; depth-cutoff artifact possible; terminal status unproven."
100000002242455100,terminal,0.45,6,0.497875,"Hop 4: 110,000 KZT from 1 payers/1 tx, 0 captured recipients; depth-cutoff artifact possible; terminal status unproven."
100000002243354100,terminal,0.82,1,0.346406,"No captured outflow at hop 1; 20,879 KZT from 1 payers/1 tx. Observed-sample terminal; verify."
100000002255058100,terminal,0.82,2,0.472374,"No captured outflow at hop 3; 491,500 KZT from 1 payers/2 tx. Observed-sample terminal; verify."
100000002257794100,terminal,0.82,24,0.535792,"No captured outflow at hop 3; 154,000 KZT from 1 payers/1 tx. Observed-sample terminal; verify."
100000002258492100,terminal,0.45,19,0.504350,"Hop 4: 9,000 KZT from 1 payers/1 tx, 0 captured recipients; depth-cutoff artifact possible; terminal status unproven."
100000002267998100,distributor,0.66,22,0.893124,"Fan-out signs: 3 recipients/12 tx, 1,115,000 KZT out; 2 payers/4 tx in. Verify."
100000002284426100,terminal,0.82,6,0.285592,"No captured outflow at hop 3; 90,000 KZT from 1 payers/2 tx. Observed-sample terminal; verify."
100000002289937100,terminal,0.82,1,0.344938,"No captured outflow at hop 1; 20,000 KZT from 1 payers/1 tx. Observed-sample terminal; verify."
100000002293421100,transit,0.68,0,0.861771,"Transit signs: 2 payers/6 tx in, 2 recipients/5 tx out; forwarded 115% of recorded inflow. Verify."
100000002299948100,terminal,0.82,32,0.373109,"No captured outflow at hop 2; 6,750 KZT from 1 payers/1 tx. Observed-sample terminal; verify."
100000002301828100,terminal,0.82,16,0.331386,"No captured outflow at hop 3; 46,977 KZT from 1 payers/1 tx. Observed-sample terminal; verify."
100000002304943100,terminal,0.45,21,0.388396,"Hop 4: 15,000 KZT from 1 payers/1 tx, 0 captured recipients; depth-cutoff artifact possible; terminal status unproven."
100000002305007100,terminal,0.82,1,0.340999,"No captured outflow at hop 3; 56,000 KZT from 1 payers/1 tx. Observed-sample terminal; verify."
100000002305477100,terminal,0.45,21,0.404283,"Hop 4: 20,000 KZT from 1 payers/1 tx, 0 captured recipients; depth-cutoff artifact possible; terminal status unproven."
100000002306369100,distributor,0.66,2,0.632388,"Fan-out signs: 6 recipients/9 tx, 260,900 KZT out; 1 payers/1 tx in. Verify."
100000002308091100,terminal,0.82,9,0.513629,"No captured outflow at hop 3; 186,720 KZT from 1 payers/1 tx. Observed-sample terminal; verify."
100000002320495100,terminal,0.45,16,0.500946,"Hop 4: 13,526 KZT from 1 payers/1 tx, 0 captured recipients; depth-cutoff artifact possible; terminal status unproven."
100000002324543100,terminal,0.82,17,0.332121,"No captured outflow at hop 1; 30,202 KZT from 1 payers/1 tx. Observed-sample terminal; verify."
100000002335358100,terminal,0.82,3,0.590020,"No captured outflow at hop 2; 140,000 KZT from 1 payers/2 tx. Observed-sample terminal; verify."
100000002340562100,terminal,0.82,10,0.536794,"No captured outflow at hop 2; 36,650 KZT from 1 payers/2 tx. Observed-sample terminal; verify."
100000002343825100,consolidator,0.72,5,0.746696,"Consolidation signs: 3 payers/4 tx, 350,000 KZT in; forwarded 26% of recorded inflow; verify."
100000002346166100,terminal,0.82,1,0.265298,"No captured outflow at hop 3; 6,000 KZT from 1 payers/1 tx. Observed-sample terminal; verify."
100000002356167100,peripheral,0.50,6,0.526524,"1 payers/1 tx in (300,000 KZT), 2 recipients/3 tx out (29,500 KZT); no strong role signal."
100000002369443100,terminal,0.82,1,0.334457,"No captured outflow at hop 3; 50,000 KZT from 1 payers/1 tx. Observed-sample terminal; verify."
100000002369454100,terminal,0.45,4,0.473509,"Hop 4: 25,000 KZT from 1 payers/1 tx, 0 captured recipients; depth-cutoff artifact possible; terminal status unproven."
100000002369510100,terminal,0.82,1,0.319304,"No captured outflow at hop 3; 37,150 KZT from 1 payers/1 tx. Observed-sample terminal; verify."
100000002369874100,terminal,0.82,5,0.573131,"No captured outflow at hop 3; 600,000 KZT from 4 payers/4 tx. Observed-sample terminal; verify."
100000002371751100,transit,0.68,59,0.668169,"Transit signs: 1 payers/5 tx in, 1 recipients/1 tx out; forwarded 125% of recorded inflow. Verify."
100000002371892100,terminal,0.45,61,0.388796,"Hop 4: 43,830 KZT from 1 payers/1 tx, 0 captured recipients; depth-cutoff artifact possible; terminal status unproven."
100000002373144100,peripheral,0.50,0,0.455307,"1 payers/1 tx in (46,468 KZT), 1 recipients/1 tx out (10,764 KZT); no strong role signal."
100000002373386100,terminal,0.82,1,0.297608,"No captured outflow at hop 3; 24,000 KZT from 1 payers/1 tx. Observed-sample terminal; verify."
100000002380341100,terminal,0.82,0,0.394137,"No captured outflow at hop 3; 57,566 KZT from 1 payers/1 tx. Observed-sample terminal; verify."
100000002391278100,peripheral,0.50,8,0.507510,"1 payers/5 tx in (30,000 KZT), 1 recipients/2 tx out (52,700 KZT); no strong role signal."
100000002394199100,peripheral,0.50,10,0.595628,"1 payers/3 tx in (277,398 KZT), 1 recipients/1 tx out (76,777 KZT); no strong role signal."
100000002398779100,consolidator,0.72,0,0.913340,"Consolidation signs: 13 payers/28 tx, 1,095,690 KZT in; forwarded 6% of recorded inflow; verify."
100000002404112100,terminal,0.45,26,0.427514,"Hop 4: 60,000 KZT from 1 payers/1 tx, 0 captured recipients; depth-cutoff artifact possible; terminal status unproven."
100000002432143100,terminal,0.82,2,0.473242,"No captured outflow at hop 2; 81,310 KZT from 1 payers/1 tx. Observed-sample terminal; verify."
100000002433697100,transit,0.68,6,0.456242,"Transit signs: 1 payers/1 tx in, 1 recipients/1 tx out; forwarded 85% of recorded inflow. Verify."
100000002435265100,terminal,0.82,0,0.331920,"No captured outflow at hop 3; 132,628 KZT from 1 payers/3 tx. Observed-sample terminal; verify."
100000002443664100,terminal,0.82,9,0.608166,"No captured outflow at hop 2; 556,880 KZT from 3 payers/3 tx. Observed-sample terminal; verify."
100000002445750100,peripheral,0.50,0,0.700779,"1 payers/1 tx in (70,000 KZT), 1 recipients/1 tx out (10,000 KZT); no strong role signal."
100000002448088100,transit,0.68,21,0.783000,"Transit signs: 3 payers/3 tx in, 1 recipients/1 tx out; forwarded 125% of recorded inflow. Verify."
100000002454724100,terminal,0.82,29,0.415298,"No captured outflow at hop 2; 125,000 KZT from 1 payers/3 tx. Observed-sample terminal; verify."
100000002457464100,terminal,0.82,2,0.461760,"No captured outflow at hop 2; 66,647 KZT from 1 payers/1 tx. Observed-sample terminal; verify."
100000002459093100,peripheral,0.50,8,0.643280,"1 payers/2 tx in (500,000 KZT), 1 recipients/3 tx out (55,000 KZT); no strong role signal."
100000002459163100,terminal,0.82,54,0.492868,"No captured outflow at hop 2; 20,180 KZT from 1 payers/1 tx. Observed-sample terminal; verify."
100000002459164100,terminal,0.82,0,0.505485,"No captured outflow at hop 3; 20,000 KZT from 1 payers/1 tx. Observed-sample terminal; verify."
100000002459240100,terminal,0.82,6,0.309891,"No captured outflow at hop 3; 150,000 KZT from 1 payers/1 tx. Observed-sample terminal; verify."
100000002459832100,terminal,0.82,4,0.575022,"No captured outflow at hop 3; 880,606 KZT from 2 payers/2 tx. Observed-sample terminal; verify."
100000002462183100,terminal,0.82,45,0.499677,"No captured outflow at hop 1; 107,500 KZT from 1 payers/3 tx. Observed-sample terminal; verify."
100000002469065100,terminal,0.82,3,0.476958,"No captured outflow at hop 2; 200,000 KZT from 1 payers/1 tx. Observed-sample terminal; verify."
100000002472632100,consolidator,0.72,25,0.813106,"Consolidation signs: 2 payers/3 tx, 502,400 KZT in; forwarded 4% of recorded inflow; verify."
100000002474570100,terminal,0.45,7,0.295472,"Hop 4: 6,750 KZT from 1 payers/1 tx, 0 captured recipients; depth-cutoff artifact possible; terminal status unproven."
100000002475601100,terminal,0.82,4,0.376914,"No captured outflow at hop 3; 232,301 KZT from 1 payers/1 tx. Observed-sample terminal; verify."
100000002478829100,terminal,0.45,21,0.460492,"Hop 4: 34,000 KZT from 1 payers/1 tx, 0 captured recipients; depth-cutoff artifact possible; terminal status unproven."
100000002479804100,transit,0.68,2,0.570961,"Transit signs: 1 payers/1 tx in, 2 recipients/2 tx out; forwarded 77% of recorded inflow. Verify."
100000002480800100,terminal,0.82,2,0.697897,"No captured outflow at hop 1; 569,251 KZT from 2 payers/2 tx. Observed-sample terminal; verify."
100000002481735100,terminal,0.82,3,0.512739,"No captured outflow at hop 2; 22,436 KZT from 1 payers/2 tx. Observed-sample terminal; verify."
100000002481974100,peripheral,0.50,4,0.763440,"2 payers/2 tx in (89,447 KZT), 2 recipients/4 tx out (318,000 KZT); no strong role signal."
100000002487222100,terminal,0.45,6,0.397474,"Hop 4: 90,000 KZT from 1 payers/2 tx, 0 captured recipients; depth-cutoff artifact possible; terminal status unproven."
100000002488629100,terminal,0.82,8,0.407154,"No captured outflow at hop 2; 73,050 KZT from 1 payers/1 tx. Observed-sample terminal; verify."
100000002489253100,terminal,0.82,3,0.417968,"No captured outflow at hop 2; 51,000 KZT from 1 payers/1 tx. Observed-sample terminal; verify."
100000002492277100,terminal,0.82,2,0.453460,"No captured outflow at hop 2; 138,500 KZT from 1 payers/1 tx. Observed-sample terminal; verify."
100000002505277100,terminal,0.45,60,0.468569,"Hop 4: 60,000 KZT from 1 payers/1 tx, 0 captured recipients; depth-cutoff artifact possible; terminal status unproven."
100000002506987100,terminal,0.45,7,0.351146,"Hop 4: 28,200 KZT from 1 payers/1 tx, 0 captured recipients; depth-cutoff artifact possible; terminal status unproven."
100000002508637100,peripheral,0.50,4,0.529439,"1 payers/1 tx in (306,410 KZT), 1 recipients/1 tx out (8,000 KZT); no strong role signal."
100000002509598100,terminal,0.82,9,0.369304,"No captured outflow at hop 3; 305,550 KZT from 1 payers/1 tx. Observed-sample terminal; verify."
100000002511581100,terminal,0.82,1,0.283189,"No captured outflow at hop 3; 17,600 KZT from 1 payers/1 tx. Observed-sample terminal; verify."
100000002511825100,terminal,0.82,0,0.400211,"No captured outflow at hop 1; 65,000 KZT from 1 payers/1 tx. Observed-sample terminal; verify."
100000002512742100,terminal,0.45,7,0.289931,"Hop 4: 6,000 KZT from 1 payers/1 tx, 0 captured recipients; depth-cutoff artifact possible; terminal status unproven."
100000002513028100,distributor,0.66,58,0.579973,"Fan-out signs: 3 recipients/24 tx, 332,709 KZT out; 1 payers/1 tx in. Verify."
100000002514975100,terminal,0.45,26,0.496006,"Hop 4: 17,920 KZT from 1 payers/1 tx, 0 captured recipients; depth-cutoff artifact possible; terminal status unproven."
100000002516862100,terminal,0.45,58,0.442334,"Hop 4: 81,710 KZT from 1 payers/5 tx, 0 captured recipients; depth-cutoff artifact possible; terminal status unproven."
100000002521039100,terminal,0.82,0,0.385592,"No captured outflow at hop 3; 349,370 KZT from 1 payers/1 tx. Observed-sample terminal; verify."
100000002527114100,coordinator,0.76,1,0.919092,"Coordination signs: 3 payers/4 tx in, 111 recipients/113 tx out; betweenness p96, 1 seeds within 2 hops. Verify. Seed inflow is understated."
100000002528544100,terminal,0.82,4,0.364764,"No captured outflow at hop 3; 192,912 KZT from 1 payers/1 tx. Observed-sample terminal; verify."
100000002528978100,terminal,0.45,7,0.320572,"Hop 4: 15,900 KZT from 1 payers/1 tx, 0 captured recipients; depth-cutoff artifact possible; terminal status unproven."
100000002529877100,terminal,0.45,9,0.387061,"Hop 4: 232,000 KZT from 1 payers/1 tx, 0 captured recipients; depth-cutoff artifact possible; terminal status unproven."
100000002529880100,terminal,0.82,5,0.499855,"No captured outflow at hop 3; 147,000 KZT from 2 payers/2 tx. Observed-sample terminal; verify."
100000002530224100,terminal,0.82,5,0.320171,"No captured outflow at hop 3; 113,000 KZT from 1 payers/1 tx. Observed-sample terminal; verify."
100000002531406100,transit,0.68,4,0.559346,"Transit signs: 1 payers/1 tx in, 1 recipients/1 tx out; forwarded 96% of recorded inflow. Verify."
100000002534091100,terminal,0.82,4,0.394070,"No captured outflow at hop 3; 22,200 KZT from 1 payers/1 tx. Observed-sample terminal; verify."
100000002537811100,peripheral,0.50,11,0.711738,"1 payers/1 tx in (52,000 KZT), 1 recipients/1 tx out (15,000 KZT); no strong role signal."
100000002539625100,terminal,0.82,5,0.480719,"No captured outflow at hop 2; 94,700 KZT from 1 payers/1 tx. Observed-sample terminal; verify."
100000002540033100,terminal,0.45,20,0.518703,"Hop 4: 10,000 KZT from 1 payers/1 tx, 0 captured recipients; depth-cutoff artifact possible; terminal status unproven."
100000002540623100,terminal,0.82,7,0.471773,"No captured outflow at hop 2; 100,000 KZT from 1 payers/1 tx. Observed-sample terminal; verify."
100000002546921100,terminal,0.82,14,0.317768,"No captured outflow at hop 3; 20,000 KZT from 1 payers/1 tx. Observed-sample terminal; verify."
100000002547110100,terminal,0.82,5,0.654439,"No captured outflow at hop 3; 1,500,000 KZT from 6 payers/10 tx. Observed-sample terminal; verify."
100000002548759100,terminal,0.82,5,0.505062,"No captured outflow at hop 3; 375,000 KZT from 2 payers/2 tx. Observed-sample terminal; verify."
100000002550141100,terminal,0.82,4,0.392000,"No captured outflow at hop 3; 100,586 KZT from 1 payers/1 tx. Observed-sample terminal; verify."
100000002554175100,terminal,0.82,7,0.343803,"No captured outflow at hop 3; 24,621 KZT from 1 payers/1 tx. Observed-sample terminal; verify."
100000002556775100,terminal,0.82,6,0.346673,"No captured outflow at hop 3; 300,000 KZT from 1 payers/1 tx. Observed-sample terminal; verify."
100000002558173100,terminal,0.82,32,0.391266,"No captured outflow at hop 2; 9,300 KZT from 1 payers/1 tx. Observed-sample terminal; verify."
100000002559089100,terminal,0.82,9,0.574889,"No captured outflow at hop 3; 715,000 KZT from 2 payers/2 tx. Observed-sample terminal; verify."
100000002565277100,terminal,0.82,2,0.521017,"No captured outflow at hop 1; 483,319 KZT from 1 payers/1 tx. Observed-sample terminal; verify."
100000002566204100,terminal,0.82,7,0.463629,"No captured outflow at hop 2; 80,805 KZT from 1 payers/1 tx. Observed-sample terminal; verify."
100000002567887100,terminal,0.82,6,0.270906,"No captured outflow at hop 3; 50,915 KZT from 1 payers/1 tx. Observed-sample terminal; verify."
100000002570206100,terminal,0.82,16,0.588284,"No captured outflow at hop 2; 166,960 KZT from 2 payers/2 tx. Observed-sample terminal; verify."
100000002575080100,transit,0.68,15,0.669593,"Transit signs: 1 payers/1 tx in, 1 recipients/1 tx out; forwarded 96% of recorded inflow. Verify."
100000002578405100,coordinator,0.76,1,0.879562,"Coordination signs: 2 payers/7 tx in, 116 recipients/120 tx out; betweenness p95, 1 seeds within 2 hops. Verify."
100000002578653100,terminal,0.82,46,0.399210,"No captured outflow at hop 3; 20,000 KZT from 1 payers/1 tx. Observed-sample terminal; verify."
100000002580377100,peripheral,0.50,3,0.495027,"1 payers/2 tx in (37,750 KZT), 1 recipients/1 tx out (5,000 KZT); no strong role signal."
100000002581346100,terminal,0.82,6,0.314831,"No captured outflow at hop 3; 166,400 KZT from 1 payers/1 tx. Observed-sample terminal; verify."
100000002589019100,terminal,0.82,12,0.360559,"No captured outflow at hop 1; 34,710 KZT from 1 payers/1 tx. Observed-sample terminal; verify."
100000002591469100,terminal,0.82,10,0.405018,"No captured outflow at hop 1; 235,670 KZT from 1 payers/1 tx. Observed-sample terminal; verify."
100000002592567100,coordinator,0.76,3,0.537439,"Coordination signs: 1 payers/1 tx in, 2 recipients/2 tx out; betweenness p98, 4 seeds within 2 hops. Verify."
100000002593038100,terminal,0.82,12,0.566967,"No captured outflow at hop 2; 28,500 KZT from 1 payers/1 tx. Observed-sample terminal; verify."
100000002593344100,terminal,0.82,5,0.559535,"No captured outflow at hop 3; 431,000 KZT from 2 payers/2 tx. Observed-sample terminal; verify."
100000002594214100,terminal,0.45,39,0.453015,"Hop 4: 1,000,000 KZT from 1 payers/1 tx, 0 captured recipients; depth-cutoff artifact possible; terminal status unproven."
100000002596035100,terminal,0.82,11,0.480830,"No captured outflow at hop 1; 231,570 KZT from 1 payers/1 tx. Observed-sample terminal; verify."
100000002596039100,terminal,0.45,4,0.425312,"Hop 4: 280,000 KZT from 1 payers/1 tx, 0 captured recipients; depth-cutoff artifact possible; terminal status unproven."
100000002597003100,peripheral,0.50,0,0.486482,"1 payers/1 tx in (17,700 KZT), 1 recipients/1 tx out (11,000 KZT); no strong role signal."
100000002597074100,terminal,0.45,0,0.397608,"Hop 4: 8,000 KZT from 1 payers/1 tx, 0 captured recipients; depth-cutoff artifact possible; terminal status unproven."
100000002597623100,terminal,0.82,0,0.265165,"No captured outflow at hop 3; 16,418 KZT from 1 payers/1 tx. Observed-sample terminal; verify."
100000002599729100,terminal,0.45,0,0.484390,"Hop 4: 65,000 KZT from 1 payers/2 tx, 0 captured recipients; depth-cutoff artifact possible; terminal status unproven."
100000002600345100,terminal,0.82,3,0.502058,"No captured outflow at hop 1; 52,400 KZT from 2 payers/2 tx. Observed-sample terminal; verify."
100000002603371100,terminal,0.82,0,0.298810,"No captured outflow at hop 3; 9,300 KZT from 1 payers/1 tx. Observed-sample terminal; verify."
100000002603478100,terminal,0.82,12,0.340999,"No captured outflow at hop 1; 23,500 KZT from 1 payers/1 tx. Observed-sample terminal; verify."
100000002603769100,terminal,0.82,0,0.699065,"No captured outflow at hop 1; 1,185,368 KZT from 3 payers/3 tx. Observed-sample terminal; verify."
100000002605184100,terminal,0.82,15,0.503816,"No captured outflow at hop 2; 140,000 KZT from 1 payers/1 tx. Observed-sample terminal; verify."
100000002605308100,terminal,0.82,14,0.731108,"No captured outflow at hop 2; 2,569,522 KZT from 3 payers/7 tx. Observed-sample terminal; verify."
100000002605548100,terminal,0.82,11,0.587862,"No captured outflow at hop 1; 116,695 KZT from 2 payers/2 tx. Observed-sample terminal; verify."
100000002606567100,peripheral,0.50,0,0.474733,"1 payers/1 tx in (14,095 KZT), 1 recipients/1 tx out (53,000 KZT); no strong role signal."
100000002609774100,coordinator,0.76,7,0.517034,"Coordination signs: 1 payers/1 tx in, 1 recipients/1 tx out; betweenness p96, 2 seeds within 2 hops. Verify."
100000002611334100,peripheral,0.50,0,0.538218,"1 payers/1 tx in (48,288 KZT), 1 recipients/1 tx out (15,500 KZT); no strong role signal."
100000002612809100,distributor,0.66,36,0.630396,"Fan-out signs: 3 recipients/4 tx, 114,000 KZT out; 1 payers/2 tx in. Verify."
100000002613776100,terminal,0.82,0,0.437839,"No captured outflow at hop 2; 30,000 KZT from 1 payers/2 tx. Observed-sample terminal; verify."
100000002613929100,terminal,0.82,17,0.532187,"No captured outflow at hop 3; 28,560 KZT from 1 payers/1 tx. Observed-sample terminal; verify."
100000002614095100,terminal,0.82,1,0.263830,"No captured outflow at hop 3; 5,300 KZT from 1 payers/1 tx. Observed-sample terminal; verify."
100000002615479100,terminal,0.82,17,0.435725,"No captured outflow at hop 1; 220,000 KZT from 1 payers/1 tx. Observed-sample terminal; verify."
100000002618492100,terminal,0.82,11,0.634457,"No captured outflow at hop 1; 296,500 KZT from 2 payers/2 tx. Observed-sample terminal; verify."
100000002621434100,terminal,0.82,5,0.303215,"No captured outflow at hop 3; 81,000 KZT from 1 payers/1 tx. Observed-sample terminal; verify."
100000002621915100,terminal,0.82,3,0.538796,"No captured outflow at hop 2; 5,000 KZT from 1 payers/1 tx. Observed-sample terminal; verify."
100000002621949100,terminal,0.82,2,0.476558,"No captured outflow at hop 1; 164,612 KZT from 1 payers/1 tx. Observed-sample terminal; verify."
100000002622822100,terminal,0.45,20,0.538596,"Hop 4: 750,000 KZT from 1 payers/1 tx, 0 captured recipients; depth-cutoff artifact possible; terminal status unproven."
100000002628146100,terminal,0.82,32,0.457087,"No captured outflow at hop 2; 30,500 KZT from 1 payers/2 tx. Observed-sample terminal; verify."
100000002628576100,transit,0.68,6,0.690921,"Transit signs: 2 payers/3 tx in, 2 recipients/2 tx out; forwarded 74% of recorded inflow. Verify."
100000002632742100,terminal,0.82,5,0.524288,"No captured outflow at hop 3; 235,500 KZT from 2 payers/2 tx. Observed-sample terminal; verify."
100000002633108100,terminal,0.82,14,0.456620,"No captured outflow at hop 3; 320,000 KZT from 1 payers/3 tx. Observed-sample terminal; verify."
100000002633701100,terminal,0.82,17,0.439731,"No captured outflow at hop 2; 266,850 KZT from 1 payers/1 tx. Observed-sample terminal; verify."
100000002635746100,terminal,0.45,7,0.284924,"Hop 4: 5,300 KZT from 1 payers/1 tx, 0 captured recipients; depth-cutoff artifact possible; terminal status unproven."
100000002635780100,terminal,0.82,10,0.552948,"No captured outflow at hop 2; 163,000 KZT from 1 payers/1 tx. Observed-sample terminal; verify."
100000002644285100,terminal,0.82,9,0.395338,"No captured outflow at hop 3; 500,000 KZT from 1 payers/1 tx. Observed-sample terminal; verify."
100000002645046100,terminal,0.45,7,0.323776,"Hop 4: 12,000 KZT from 1 payers/1 tx, 0 captured recipients; depth-cutoff artifact possible; terminal status unproven."
100000002645609100,terminal,0.82,0,0.626469,"No captured outflow at hop 1; 546,821 KZT from 4 payers/5 tx. Observed-sample terminal; verify."
100000002645993100,distributor,0.66,0,0.639330,"Fan-out signs: 5 recipients/9 tx, 86,980 KZT out; 2 payers/4 tx in. Verify."
100000002646745100,terminal,0.82,1,0.273709,"No captured outflow at hop 3; 12,300 KZT from 1 payers/1 tx. Observed-sample terminal; verify."
100000002646887100,terminal,0.82,5,0.346206,"No captured outflow at hop 3; 24,354 KZT from 1 payers/1 tx. Observed-sample terminal; verify."
100000002648315100,peripheral,0.50,10,0.519993,"1 payers/1 tx in (132,000 KZT), 2 recipients/3 tx out (76,000 KZT); no strong role signal."
100000002653187100,terminal,0.45,12,0.481854,"Hop 4: 15,000 KZT from 1 payers/1 tx, 0 captured recipients; depth-cutoff artifact possible; terminal status unproven."
100000002653948100,terminal,0.82,6,0.283856,"No captured outflow at hop 3; 85,200 KZT from 1 payers/1 tx. Observed-sample terminal; verify."
100000002659103100,terminal,0.45,44,0.442601,"Hop 4: 165,000 KZT from 1 payers/1 tx, 0 captured recipients; depth-cutoff artifact possible; terminal status unproven."
100000002659265100,terminal,0.45,5,0.416700,"Hop 4: 141,000 KZT from 1 payers/1 tx, 0 captured recipients; depth-cutoff artifact possible; terminal status unproven."
100000002660298100,terminal,0.45,7,0.356353,"Hop 4: 30,900 KZT from 1 payers/1 tx, 0 captured recipients; depth-cutoff artifact possible; terminal status unproven."
100000002662768100,terminal,0.82,2,0.451190,"No captured outflow at hop 1; 84,300 KZT from 1 payers/1 tx. Observed-sample terminal; verify."
100000002663511100,terminal,0.82,0,0.395605,"No captured outflow at hop 3; 268,940 KZT from 1 payers/1 tx. Observed-sample terminal; verify."
100000002666248100,terminal,0.82,2,0.429295,"No captured outflow at hop 1; 70,032 KZT from 1 payers/1 tx. Observed-sample terminal; verify."
100000002670463100,terminal,0.45,7,0.377982,"Hop 4: 31,500 KZT from 1 payers/1 tx, 0 captured recipients; depth-cutoff artifact possible; terminal status unproven."
100000002670860100,terminal,0.82,9,0.546918,"No captured outflow at hop 1; 450,000 KZT from 2 payers/2 tx. Observed-sample terminal; verify."
100000002670960100,terminal,0.82,9,0.393336,"No captured outflow at hop 3; 480,310 KZT from 1 payers/1 tx. Observed-sample terminal; verify."
100000002671326100,terminal,0.45,5,0.522842,"Hop 4: 1,050,000 KZT from 1 payers/2 tx, 0 captured recipients; depth-cutoff artifact possible; terminal status unproven."
100000002671806100,terminal,0.82,12,0.317034,"No captured outflow at hop 1; 12,440 KZT from 1 payers/1 tx. Observed-sample terminal; verify."
100000002677201100,peripheral,0.50,5,0.557566,"1 payers/1 tx in (150,000 KZT), 1 recipients/1 tx out (87,750 KZT); no strong role signal."
100000002679516100,terminal,0.82,12,0.618425,"No captured outflow at hop 1; 102,335 KZT from 3 payers/3 tx. Observed-sample terminal; verify."
100000002680477100,terminal,0.82,9,0.384057,"No captured outflow at hop 2; 25,000 KZT from 1 payers/1 tx. Observed-sample terminal; verify."
100000002681449100,peripheral,0.50,37,0.677448,"2 payers/2 tx in (94,638 KZT), 2 recipients/2 tx out (133,000 KZT); no strong role signal."
100000002681544100,terminal,0.82,10,0.543781,"No captured outflow at hop 3; 166,072 KZT from 2 payers/2 tx. Observed-sample terminal; verify."
100000002686226100,terminal,0.45,16,0.525245,"Hop 4: 430,000 KZT from 1 payers/2 tx, 0 captured recipients; depth-cutoff artifact possible; terminal status unproven."
100000002689717100,terminal,0.45,7,0.381720,"Hop 4: 47,500 KZT from 1 payers/1 tx, 0 captured recipients; depth-cutoff artifact possible; terminal status unproven."
100000002691583100,terminal,0.82,26,0.446473,"No captured outflow at hop 3; 285,200 KZT from 1 payers/1 tx. Observed-sample terminal; verify."
100000002691858100,terminal,0.82,32,0.479250,"No captured outflow at hop 2; 51,500 KZT from 1 payers/1 tx. Observed-sample terminal; verify."
100000002692044100,terminal,0.82,12,0.417301,"No captured outflow at hop 1; 97,000 KZT from 1 payers/1 tx. Observed-sample terminal; verify."
100000002692750100,peripheral,0.50,8,0.884557,"3 payers/3 tx in (112,830 KZT), 1 recipients/8 tx out (77,000 KZT); no strong role signal."
100000002695812100,terminal,0.45,7,0.419504,"Hop 4: 95,000 KZT from 1 payers/1 tx, 0 captured recipients; depth-cutoff artifact possible; terminal status unproven."
100000002696152100,peripheral,0.50,11,0.717802,"1 payers/3 tx in (21,800 KZT), 2 recipients/8 tx out (69,000 KZT); no strong role signal."
100000002697752100,terminal,0.82,4,0.538307,"No captured outflow at hop 3; 190,785 KZT from 2 payers/2 tx. Observed-sample terminal; verify."
100000002700161100,terminal,0.45,50,0.538462,"Hop 4: 39,000 KZT from 1 payers/1 tx, 0 captured recipients; depth-cutoff artifact possible; terminal status unproven."
100000002702968100,terminal,0.45,7,0.357555,"Hop 4: 31,600 KZT from 1 payers/1 tx, 0 captured recipients; depth-cutoff artifact possible; terminal status unproven."
100000002703376100,terminal,0.82,0,0.392846,"No captured outflow at hop 2; 46,501 KZT from 1 payers/1 tx. Observed-sample terminal; verify."
100000002704875100,terminal,0.82,4,0.581865,"No captured outflow at hop 1; 244,891 KZT from 3 payers/4 tx. Observed-sample terminal; verify."
100000002705460100,terminal,0.82,3,0.512428,"No captured outflow at hop 3; 95,000 KZT from 1 payers/1 tx. Observed-sample terminal; verify."
100000002706810100,terminal,0.45,7,0.395872,"Hop 4: 45,000 KZT from 1 payers/1 tx, 0 captured recipients; depth-cutoff artifact possible; terminal status unproven."
100000002707106100,terminal,0.45,14,0.265832,"Hop 4: 15,000 KZT from 1 payers/2 tx, 0 captured recipients; depth-cutoff artifact possible; terminal status unproven."
100000002708624100,terminal,0.82,25,0.426046,"No captured outflow at hop 3; 25,000 KZT from 1 payers/1 tx. Observed-sample terminal; verify."
100000002710570100,terminal,0.82,30,0.544671,"No captured outflow at hop 2; 225,015 KZT from 1 payers/1 tx. Observed-sample terminal; verify."
100000002712416100,terminal,0.82,9,0.490510,"No captured outflow at hop 3; 116,800 KZT from 2 payers/2 tx. Observed-sample terminal; verify."
100000002713074100,peripheral,0.50,16,0.738996,"2 payers/2 tx in (700,000 KZT), 1 recipients/2 tx out (430,000 KZT); no strong role signal."
100000002713974100,terminal,0.45,4,0.427381,"Hop 4: 50,000 KZT from 1 payers/1 tx, 0 captured recipients; depth-cutoff artifact possible; terminal status unproven."
100000002718366100,terminal,0.82,5,0.712850,"No captured outflow at hop 2; 2,525,000 KZT from 6 payers/10 tx. Observed-sample terminal; verify."
100000002720627100,terminal,0.82,11,0.472419,"No captured outflow at hop 1; 199,300 KZT from 1 payers/1 tx. Observed-sample terminal; verify."
100000002721825100,terminal,0.82,0,0.537862,"No captured outflow at hop 2; 11,000 KZT from 1 payers/1 tx. Observed-sample terminal; verify."
100000002722108100,terminal,0.82,9,0.421907,"No captured outflow at hop 3; 800,000 KZT from 1 payers/2 tx. Observed-sample terminal; verify."
100000002723439100,terminal,0.45,11,0.510559,"Hop 4: 18,000 KZT from 1 payers/2 tx, 0 captured recipients; depth-cutoff artifact possible; terminal status unproven."
100000002723538100,coordinator,0.76,4,0.834490,"Coordination signs: 3 payers/3 tx in, 12 recipients/14 tx out; betweenness p97, 5 seeds within 2 hops. Verify."
100000002723674100,terminal,0.45,21,0.424711,"Hop 4: 30,000 KZT from 1 payers/1 tx, 0 captured recipients; depth-cutoff artifact possible; terminal status unproven."
100000002726055100,terminal,0.45,21,0.436193,"Hop 4: 10,000 KZT from 1 payers/1 tx, 0 captured recipients; depth-cutoff artifact possible; terminal status unproven."
100000002727288100,terminal,0.82,15,0.514608,"No captured outflow at hop 3; 16,000 KZT from 1 payers/1 tx. Observed-sample terminal; verify."
100000002728246100,terminal,0.45,6,0.502681,"Hop 4: 10,000 KZT from 1 payers/1 tx, 0 captured recipients; depth-cutoff artifact possible; terminal status unproven."
100000002729875100,terminal,0.45,7,0.405886,"Hop 4: 76,000 KZT from 1 payers/1 tx, 0 captured recipients; depth-cutoff artifact possible; terminal status unproven."
100000002731501100,distributor,0.66,24,0.821885,"Fan-out signs: 7 recipients/20 tx, 833,960 KZT out; 3 payers/7 tx in. Verify."
100000002733083100,terminal,0.45,7,0.318035,"Hop 4: 15,200 KZT from 1 payers/1 tx, 0 captured recipients; depth-cutoff artifact possible; terminal status unproven."
100000002733905100,peripheral,0.50,1,0.879873,"3 payers/5 tx in (100,000 KZT), 2 recipients/3 tx out (717,839 KZT); no strong role signal."
100000002734815100,terminal,0.45,5,0.401346,"Hop 4: 110,000 KZT from 1 payers/1 tx, 0 captured recipients; depth-cutoff artifact possible; terminal status unproven."
100000002736033100,peripheral,0.50,16,0.498565,"1 payers/1 tx in (34,530 KZT), 1 recipients/1 tx out (11,000 KZT); no strong role signal."
100000002736316100,terminal,0.82,0,0.632065,"No captured outflow at hop 3; 266,921 KZT from 3 payers/3 tx. Observed-sample terminal; verify."
100000002737980100,terminal,0.82,3,0.347141,"No captured outflow at hop 3; 32,900 KZT from 1 payers/1 tx. Observed-sample terminal; verify."
100000002738256100,transit,0.68,51,0.572463,"Transit signs: 1 payers/1 tx in, 1 recipients/1 tx out; forwarded 117% of recorded inflow. Verify."
100000002741024100,coordinator,0.76,31,0.962951,"Coordination signs: 5 payers/9 tx in, 6 recipients/7 tx out; betweenness p94, 2 seeds within 2 hops. Verify."
100000002742067100,terminal,0.82,15,0.342401,"No captured outflow at hop 2; 12,730 KZT from 1 payers/1 tx. Observed-sample terminal; verify."
100000002744581100,terminal,0.82,10,0.464430,"No captured outflow at hop 2; 12,000 KZT from 1 payers/1 tx. Observed-sample terminal; verify."
100000002748040100,terminal,0.45,7,0.326847,"Hop 4: 18,000 KZT from 1 payers/1 tx, 0 captured recipients; depth-cutoff artifact possible; terminal status unproven."
100000002748180100,distributor,0.66,9,0.500634,"Fan-out signs: 8 recipients/9 tx, 679,743 KZT out; 1 payers/1 tx in. Verify."
100000002748511100,terminal,0.45,3,0.514430,"Hop 4: 20,000 KZT from 1 payers/1 tx, 0 captured recipients; depth-cutoff artifact possible; terminal status unproven."
100000002748532100,peripheral,0.50,20,0.786582,"3 payers/3 tx in (355,575 KZT), 2 recipients/7 tx out (646,685 KZT); no strong role signal."
100000002748581100,terminal,0.82,14,0.356887,"No captured outflow at hop 3; 41,180 KZT from 1 payers/1 tx. Observed-sample terminal; verify."
100000002748761100,terminal,0.82,9,0.421640,"No captured outflow at hop 3; 796,800 KZT from 1 payers/3 tx. Observed-sample terminal; verify."
100000002750332100,terminal,0.82,17,0.308623,"No captured outflow at hop 1; 11,360 KZT from 1 payers/1 tx. Observed-sample terminal; verify."
100000002750956100,terminal,0.82,0,0.383255,"No captured outflow at hop 1; 47,416 KZT from 1 payers/1 tx. Observed-sample terminal; verify."
100000002752565100,terminal,0.45,4,0.434457,"Hop 4: 57,000 KZT from 1 payers/1 tx, 0 captured recipients; depth-cutoff artifact possible; terminal status unproven."
100000002753146100,terminal,0.82,9,0.422040,"No captured outflow at hop 3; 803,540 KZT from 1 payers/3 tx. Observed-sample terminal; verify."
100000002755292100,terminal,0.82,6,0.325645,"No captured outflow at hop 3; 203,400 KZT from 1 payers/1 tx. Observed-sample terminal; verify."
100000002757240100,terminal,0.82,2,0.452681,"No captured outflow at hop 2; 51,183 KZT from 1 payers/1 tx. Observed-sample terminal; verify."
100000002757791100,terminal,0.82,8,0.398810,"No captured outflow at hop 3; 73,050 KZT from 1 payers/1 tx. Observed-sample terminal; verify."
100000002757797100,terminal,0.82,12,0.418769,"No captured outflow at hop 1; 100,000 KZT from 1 payers/1 tx. Observed-sample terminal; verify."
100000002760175100,terminal,0.82,11,0.468680,"No captured outflow at hop 1; 187,410 KZT from 1 payers/1 tx. Observed-sample terminal; verify."
100000002762076100,consolidator,0.72,10,0.673999,"Consolidation signs: 2 payers/2 tx, 140,350 KZT in; forwarded 21% of recorded inflow; verify."
100000002769809100,terminal,0.82,18,0.457421,"No captured outflow at hop 3; 113,422 KZT from 1 payers/1 tx. Observed-sample terminal; verify."
100000002773323100,peripheral,0.50,5,0.698398,"2 payers/2 tx in (285,000 KZT), 1 recipients/2 tx out (1,171,644 KZT); no strong role signal."
100000002774456100,terminal,0.82,11,0.395917,"No captured outflow at hop 1; 50,363 KZT from 1 payers/1 tx. Observed-sample terminal; verify."
100000002778085100,terminal,0.82,3,0.371506,"No captured outflow at hop 1; 66,208 KZT from 1 payers/1 tx. Observed-sample terminal; verify."
100000002779485100,terminal,0.82,4,0.548543,"No captured outflow at hop 2; 91,000 KZT from 1 payers/2 tx. Observed-sample terminal; verify."
100000002781227100,coordinator,0.76,62,0.905941,"Coordination signs: 2 payers/8 tx in, 3 recipients/10 tx out; betweenness p95, 1 seeds within 2 hops. Verify."
100000002784085100,terminal,0.82,17,0.431320,"No captured outflow at hop 1; 200,000 KZT from 1 payers/1 tx. Observed-sample terminal; verify."
100000002791494100,terminal,0.45,7,0.412962,"Hop 4: 85,860 KZT from 1 payers/1 tx, 0 captured recipients; depth-cutoff artifact possible; terminal status unproven."
100000002793851100,terminal,0.82,3,0.308222,"No captured outflow at hop 1; 11,052 KZT from 1 payers/1 tx. Observed-sample terminal; verify."
100000002793881100,terminal,0.82,5,0.587539,"No captured outflow at hop 3; 785,600 KZT from 3 payers/3 tx. Observed-sample terminal; verify."
100000002794197100,terminal,0.82,10,0.313563,"No captured outflow at hop 1; 30,100 KZT from 1 payers/1 tx. Observed-sample terminal; verify."
100000002794374100,terminal,0.45,47,0.450879,"Hop 4: 111,000 KZT from 1 payers/1 tx, 0 captured recipients; depth-cutoff artifact possible; terminal status unproven."
100000002796853100,peripheral,0.50,62,0.634546,"1 payers/8 tx in (199,000 KZT), 1 recipients/5 tx out (46,168 KZT); no strong role signal."
100000002799941100,terminal,0.82,18,0.460892,"No captured outflow at hop 3; 600,000 KZT from 1 payers/1 tx. Observed-sample terminal; verify."
100000002807334100,terminal,0.82,6,0.272241,"No captured outflow at hop 3; 54,715 KZT from 1 payers/1 tx. Observed-sample terminal; verify."
100000002809568100,terminal,0.82,0,0.314497,"No captured outflow at hop 1; 10,000 KZT from 1 payers/1 tx. Observed-sample terminal; verify."
100000002809896100,terminal,0.82,7,0.367835,"No captured outflow at hop 3; 38,000 KZT from 1 payers/1 tx. Observed-sample terminal; verify."
100000002810870100,terminal,0.82,1,0.370572,"No captured outflow at hop 1; 33,677 KZT from 1 payers/1 tx. Observed-sample terminal; verify."
100000002812641100,transit,0.68,17,0.655752,"Transit signs: 1 payers/1 tx in, 1 recipients/1 tx out; forwarded 70% of recorded inflow. Verify."
100000002815005100,terminal,0.82,5,0.415365,"No captured outflow at hop 3; 476,500 KZT from 1 payers/1 tx. Observed-sample terminal; verify."
100000002818726100,terminal,0.82,13,0.342267,"No captured outflow at hop 3; 10,879 KZT from 1 payers/1 tx. Observed-sample terminal; verify."
100000002820010100,terminal,0.82,8,0.359757,"No captured outflow at hop 2; 30,000 KZT from 1 payers/1 tx. Observed-sample terminal; verify."
100000002821425100,terminal,0.82,9,0.361560,"No captured outflow at hop 3; 275,000 KZT from 1 payers/1 tx. Observed-sample terminal; verify."
100000002822472100,terminal,0.82,9,0.513340,"No captured outflow at hop 3; 266,722 KZT from 2 payers/2 tx. Observed-sample terminal; verify."
100000002824176100,terminal,0.82,8,0.497252,"No captured outflow at hop 1; 144,000 KZT from 1 payers/1 tx. Observed-sample terminal; verify."
100000002826669100,terminal,0.82,0,0.523976,"No captured outflow at hop 2; 159,900 KZT from 1 payers/4 tx. Observed-sample terminal; verify."
100000002830055100,terminal,0.82,1,0.327381,"No captured outflow at hop 1; 14,000 KZT from 1 payers/1 tx. Observed-sample terminal; verify."
100000002831727100,peripheral,0.50,18,0.506909,"1 payers/1 tx in (6,000 KZT), 1 recipients/3 tx out (77,000 KZT); no strong role signal."
100000002832753100,terminal,0.45,15,0.531253,"Hop 4: 12,500 KZT from 1 payers/1 tx, 0 captured recipients; depth-cutoff artifact possible; terminal status unproven."
100000002835874100,terminal,0.45,5,0.333923,"Hop 4: 58,700 KZT from 1 payers/1 tx, 0 captured recipients; depth-cutoff artifact possible; terminal status unproven."
100000002836052100,terminal,0.82,2,0.449188,"No captured outflow at hop 2; 15,000 KZT from 1 payers/1 tx. Observed-sample terminal; verify."
100000002836736100,terminal,0.82,8,0.652637,"No captured outflow at hop 1; 509,000 KZT from 2 payers/2 tx. Observed-sample terminal; verify."
100000002838519100,terminal,0.82,14,0.362494,"No captured outflow at hop 3; 46,900 KZT from 1 payers/1 tx. Observed-sample terminal; verify."
100000002838861100,consolidator,0.72,17,0.914586,"Consolidation signs: 5 payers/5 tx, 554,524 KZT in; forwarded 2% of recorded inflow; verify."
100000002842321100,terminal,0.82,6,0.312828,"No captured outflow at hop 3; 160,000 KZT from 1 payers/1 tx. Observed-sample terminal; verify."
100000002842337100,terminal,0.82,10,0.493936,"No captured outflow at hop 2; 50,000 KZT from 1 payers/1 tx. Observed-sample terminal; verify."
100000002844652100,terminal,0.82,10,0.335592,"No captured outflow at hop 1; 61,360 KZT from 1 payers/1 tx. Observed-sample terminal; verify."
100000002844897100,terminal,0.82,17,0.307955,"No captured outflow at hop 1; 10,800 KZT from 1 payers/1 tx. Observed-sample terminal; verify."
100000002845605100,terminal,0.82,0,0.393936,"No captured outflow at hop 1; 57,567 KZT from 1 payers/1 tx. Observed-sample terminal; verify."
100000002847207100,terminal,0.82,2,0.406598,"No captured outflow at hop 1; 46,243 KZT from 1 payers/1 tx. Observed-sample terminal; verify."
100000002849158100,peripheral,0.50,5,0.729551,"3 payers/3 tx in (723,000 KZT), 1 recipients/3 tx out (1,313,000 KZT); no strong role signal."
100000002852402100,terminal,0.82,15,0.466032,"No captured outflow at hop 2; 55,000 KZT from 1 payers/1 tx. Observed-sample terminal; verify."
100000002858835100,terminal,0.82,1,0.353749,"No captured outflow at hop 1; 24,400 KZT from 1 payers/1 tx. Observed-sample terminal; verify."
100000002860934100,terminal,0.45,27,0.516834,"Hop 4: 279,500 KZT from 1 payers/4 tx, 0 captured recipients; depth-cutoff artifact possible; terminal status unproven."
100000002861485100,terminal,0.82,3,0.330785,"No captured outflow at hop 1; 29,323 KZT from 1 payers/1 tx. Observed-sample terminal; verify."
100000002862113100,terminal,0.82,14,0.363162,"No captured outflow at hop 3; 47,405 KZT from 1 payers/2 tx. Observed-sample terminal; verify."
100000002863356100,peripheral,0.50,1,0.555930,"1 payers/1 tx in (45,000 KZT), 1 recipients/1 tx out (20,000 KZT); no strong role signal."
100000002864256100,terminal,0.82,2,0.465343,"No captured outflow at hop 1; 135,780 KZT from 1 payers/1 tx. Observed-sample terminal; verify."
100000002864680100,terminal,0.82,12,0.385926,"No captured outflow at hop 1; 55,932 KZT from 1 payers/1 tx. Observed-sample terminal; verify."
100000002870463100,consolidator,0.72,8,0.880964,"Consolidation signs: 3 payers/4 tx, 207,000 KZT in; forwarded 5% of recorded inflow; verify."
100000002870937100,terminal,0.82,10,0.350145,"No captured outflow at hop 1; 83,700 KZT from 1 payers/1 tx. Observed-sample terminal; verify."
100000002871199100,terminal,0.82,14,0.325512,"No captured outflow at hop 3; 23,186 KZT from 1 payers/1 tx. Observed-sample terminal; verify."
100000002872399100,terminal,0.82,10,0.528182,"No captured outflow at hop 3; 1,090,000 KZT from 1 payers/9 tx. Observed-sample terminal; verify."
100000002876914100,terminal,0.45,7,0.323776,"Hop 4: 12,000 KZT from 1 payers/1 tx, 0 captured recipients; depth-cutoff artifact possible; terminal status unproven."
100000002877262100,terminal,0.82,5,0.368502,"No captured outflow at hop 3; 100,000 KZT from 1 payers/1 tx. Observed-sample terminal; verify."
100000002878467100,terminal,0.82,5,0.519081,"No captured outflow at hop 3; 200,000 KZT from 2 payers/2 tx. Observed-sample terminal; verify."
100000002878483100,terminal,0.45,7,0.289931,"Hop 4: 6,000 KZT from 1 payers/1 tx, 0 captured recipients; depth-cutoff artifact possible; terminal status unproven."
100000002881669100,terminal,0.82,12,0.329784,"No captured outflow at hop 1; 18,600 KZT from 1 payers/1 tx. Observed-sample terminal; verify."
100000002883402100,terminal,0.82,5,0.503160,"No captured outflow at hop 3; 300,000 KZT from 3 payers/3 tx. Observed-sample terminal; verify."
100000002884708100,terminal,0.45,5,0.513896,"Hop 4: 1,171,644 KZT from 1 payers/2 tx, 0 captured recipients; depth-cutoff artifact possible; terminal status unproven."
100000002886166100,terminal,0.82,24,0.464163,"No captured outflow at hop 3; 185,000 KZT from 1 payers/3 tx. Observed-sample terminal; verify."
100000002890167100,terminal,0.82,3,0.401413,"No captured outflow at hop 1; 118,150 KZT from 1 payers/1 tx. Observed-sample terminal; verify."
100000002891765100,terminal,0.82,14,0.374644,"No captured outflow at hop 3; 55,576 KZT from 1 payers/1 tx. Observed-sample terminal; verify."
100000002893020100,terminal,0.82,7,0.327514,"No captured outflow at hop 3; 18,340 KZT from 1 payers/1 tx. Observed-sample terminal; verify."
100000002894076100,terminal,0.82,10,0.667679,"No captured outflow at hop 1; 1,122,782 KZT from 4 payers/6 tx. Observed-sample terminal; verify."
100000002896506100,terminal,0.45,6,0.405485,"Hop 4: 45,000 KZT from 1 payers/1 tx, 0 captured recipients; depth-cutoff artifact possible; terminal status unproven."
100000002901457100,distributor,0.66,0,0.650011,"Fan-out signs: 3 recipients/3 tx, 119,000 KZT out; 1 payers/1 tx in. Verify."
100000002904919100,peripheral,0.50,0,0.466923,"1 payers/1 tx in (60,325 KZT), 1 recipients/1 tx out (5,500 KZT); no strong role signal."
100000002906470100,terminal,0.82,18,0.392267,"No captured outflow at hop 3; 130,000 KZT from 1 payers/1 tx. Observed-sample terminal; verify."
100000002908521100,terminal,0.82,1,0.328382,"No captured outflow at hop 3; 44,500 KZT from 1 payers/1 tx. Observed-sample terminal; verify."
100000002911170100,terminal,0.82,29,0.462294,"No captured outflow at hop 2; 300,000 KZT from 1 payers/2 tx. Observed-sample terminal; verify."
100000002913340100,terminal,0.82,1,0.296740,"No captured outflow at hop 3; 23,600 KZT from 1 payers/1 tx. Observed-sample terminal; verify."
100000002914245100,terminal,0.82,4,0.348476,"No captured outflow at hop 3; 140,611 KZT from 1 payers/1 tx. Observed-sample terminal; verify."
100000002916006100,peripheral,0.50,19,0.261449,"0 payers/0 tx in (0 KZT), 1 recipients/1 tx out (32,000 KZT); no strong role signal. Seed inflow is understated."
100000002921047100,consolidator,0.72,10,0.728794,"Consolidation signs: 2 payers/2 tx, 338,000 KZT in; forwarded 48% of recorded inflow; verify."
100000002922000100,terminal,0.45,44,0.479050,"Hop 4: 448,000 KZT from 1 payers/1 tx, 0 captured recipients; depth-cutoff artifact possible; terminal status unproven."
100000002926970100,terminal,0.82,7,0.411760,"No captured outflow at hop 3; 85,000 KZT from 1 payers/1 tx. Observed-sample terminal; verify."
100000002933386100,peripheral,0.50,2,0.686426,"1 payers/1 tx in (15,000 KZT), 1 recipients/1 tx out (58,000 KZT); no strong role signal."
100000002934441100,terminal,0.82,0,0.531564,"No captured outflow at hop 1; 60,846 KZT from 2 payers/2 tx. Observed-sample terminal; verify."
100000002936322100,terminal,0.82,4,0.563941,"No captured outflow at hop 3; 787,133 KZT from 2 payers/2 tx. Observed-sample terminal; verify."
100000002938501100,peripheral,0.50,3,0.347764,"1 payers/1 tx in (8,395 KZT), 1 recipients/1 tx out (5,000 KZT); no strong role signal."
100000002939838100,terminal,0.82,3,0.669671,"No captured outflow at hop 1; 571,233 KZT from 3 payers/3 tx. Observed-sample terminal; verify."
100000002941114100,consolidator,0.72,11,0.885603,"Consolidation signs: 2 payers/15 tx, 128,510 KZT in; forwarded 12% of recorded inflow; verify."
100000002943472100,terminal,0.82,5,0.396673,"No captured outflow at hop 3; 170,000 KZT from 1 payers/1 tx. Observed-sample terminal; verify."
100000002945031100,terminal,0.82,13,0.357888,"No captured outflow at hop 3; 15,000 KZT from 1 payers/1 tx. Observed-sample terminal; verify."
100000002945626100,terminal,0.82,5,0.565376,"No captured outflow at hop 3; 584,000 KZT from 3 payers/3 tx. Observed-sample terminal; verify."
100000002947299100,terminal,0.82,2,0.474978,"No captured outflow at hop 2; 85,000 KZT from 1 payers/1 tx. Observed-sample terminal; verify."
100000002948492100,terminal,0.82,14,0.326713,"No captured outflow at hop 3; 23,660 KZT from 1 payers/1 tx. Observed-sample terminal; verify."
100000002951898100,terminal,0.82,14,0.354751,"No captured outflow at hop 3; 39,990 KZT from 1 payers/1 tx. Observed-sample terminal; verify."
100000002952631100,terminal,0.82,3,0.354150,"No captured outflow at hop 1; 48,050 KZT from 1 payers/1 tx. Observed-sample terminal; verify."
100000002952756100,terminal,0.82,9,0.453416,"No captured outflow at hop 3; 47,000 KZT from 1 payers/1 tx. Observed-sample terminal; verify."
100000002954780100,terminal,0.82,5,0.327781,"No captured outflow at hop 3; 133,400 KZT from 1 payers/1 tx. Observed-sample terminal; verify."
100000002956769100,terminal,0.82,9,0.591010,"No captured outflow at hop 3; 840,000 KZT from 3 payers/3 tx. Observed-sample terminal; verify."
100000002956779100,terminal,0.82,2,0.467167,"No captured outflow at hop 3; 411,000 KZT from 1 payers/1 tx. Observed-sample terminal; verify."
100000002956898100,terminal,0.82,15,0.610069,"No captured outflow at hop 2; 290,240 KZT from 2 payers/2 tx. Observed-sample terminal; verify."
100000002957306100,terminal,0.82,11,0.628316,"No captured outflow at hop 1; 398,490 KZT from 2 payers/2 tx. Observed-sample terminal; verify."
100000002957787100,coordinator,0.76,0,0.956397,"Coordination signs: 4 payers/7 tx in, 34 recipients/41 tx out; betweenness p100, 7 seeds within 2 hops. Verify."
100000002958139100,terminal,0.82,5,0.370505,"No captured outflow at hop 3; 209,500 KZT from 1 payers/2 tx. Observed-sample terminal; verify."
100000002958286100,terminal,0.82,17,0.445472,"No captured outflow at hop 1; 257,000 KZT from 1 payers/1 tx. Observed-sample terminal; verify."
100000002958343100,peripheral,0.50,10,0.710247,"1 payers/4 tx in (2,900,000 KZT), 2 recipients/17 tx out (1,390,000 KZT); no strong role signal."
100000002958345100,terminal,0.82,9,0.369571,"No captured outflow at hop 3; 307,000 KZT from 1 payers/1 tx. Observed-sample terminal; verify."
100000002963189100,distributor,0.66,14,0.673554,"Fan-out signs: 7 recipients/15 tx, 5,219,000 KZT out; 1 payers/3 tx in. Verify."
100000002964966100,terminal,0.82,2,0.506353,"No captured outflow at hop 2; 200,000 KZT from 1 payers/1 tx. Observed-sample terminal; verify."
100000002968096100,terminal,0.45,4,0.416300,"Hop 4: 70,000 KZT from 1 payers/1 tx, 0 captured recipients; depth-cutoff artifact possible; terminal status unproven."
100000002969048100,terminal,0.82,8,0.429183,"No captured outflow at hop 2; 108,470 KZT from 1 payers/1 tx. Observed-sample terminal; verify."
100000002970466100,peripheral,0.50,0,0.448086,"1 payers/1 tx in (23,317 KZT), 2 recipients/3 tx out (93,000 KZT); no strong role signal."
100000002971593100,terminal,0.45,6,0.494404,"Hop 4: 49,050 KZT from 1 payers/1 tx, 0 captured recipients; depth-cutoff artifact possible; terminal status unproven."
100000002973903100,terminal,0.82,12,0.611994,"No captured outflow at hop 1; 92,880 KZT from 3 payers/3 tx. Observed-sample terminal; verify."
100000002974256100,terminal,0.82,12,0.538663,"No captured outflow at hop 2; 7,200 KZT from 1 payers/1 tx. Observed-sample terminal; verify."
100000002975287100,terminal,0.82,16,0.295806,"No captured outflow at hop 3; 15,000 KZT from 1 payers/1 tx. Observed-sample terminal; verify."
100000002975437100,peripheral,0.50,30,0.532610,"1 payers/2 tx in (530,000 KZT), 1 recipients/1 tx out (8,500 KZT); no strong role signal."
100000002981489100,terminal,0.45,6,0.283990,"Hop 4: 10,000 KZT from 1 payers/1 tx, 0 captured recipients; depth-cutoff artifact possible; terminal status unproven."
100000002981527100,terminal,0.82,17,0.423843,"No captured outflow at hop 1; 168,000 KZT from 1 payers/1 tx. Observed-sample terminal; verify."
100000002982252100,terminal,0.82,1,0.345739,"No captured outflow at hop 1; 20,320 KZT from 1 payers/1 tx. Observed-sample terminal; verify."
100000002983426100,terminal,0.82,7,0.414564,"No captured outflow at hop 3; 88,945 KZT from 1 payers/1 tx. Observed-sample terminal; verify."
100000002983879100,terminal,0.82,2,0.600189,"No captured outflow at hop 2; 200,050 KZT from 2 payers/2 tx. Observed-sample terminal; verify."
100000002984403100,transit,0.68,25,0.578416,"Transit signs: 1 payers/1 tx in, 1 recipients/1 tx out; forwarded 125% of recorded inflow. Verify."
100000002986245100,terminal,0.45,7,0.288129,"Hop 4: 5,750 KZT from 1 payers/1 tx, 0 captured recipients; depth-cutoff artifact possible; terminal status unproven."
100000002988894100,distributor,0.66,2,0.697919,"Fan-out signs: 3 recipients/3 tx, 77,500 KZT out; 1 payers/1 tx in. Verify."
100000002989353100,peripheral,0.50,9,0.549433,"1 payers/2 tx in (500,000 KZT), 2 recipients/2 tx out (321,160 KZT); no strong role signal."
100000002990675100,terminal,0.82,6,0.271039,"No captured outflow at hop 3; 51,143 KZT from 1 payers/1 tx. Observed-sample terminal; verify."
100000002991079100,consolidator,0.72,3,0.778182,"Consolidation signs: 2 payers/3 tx, 148,900 KZT in; forwarded 7% of recorded inflow; verify."
100000002992171100,terminal,0.82,1,0.329050,"No captured outflow at hop 1; 14,627 KZT from 1 payers/1 tx. Observed-sample terminal; verify."
100000002994441100,terminal,0.45,4,0.510826,"Hop 4: 5,000 KZT from 1 payers/1 tx, 0 captured recipients; depth-cutoff artifact possible; terminal status unproven."
100000002999140100,terminal,0.45,12,0.299744,"Hop 4: 10,000 KZT from 1 payers/2 tx, 0 captured recipients; depth-cutoff artifact possible; terminal status unproven."
100000003001138100,terminal,0.45,27,0.412027,"Hop 4: 30,000 KZT from 1 payers/1 tx, 0 captured recipients; depth-cutoff artifact possible; terminal status unproven."
100000003001564100,peripheral,0.50,3,0.473665,"1 payers/1 tx in (23,520 KZT), 1 recipients/1 tx out (180,000 KZT); no strong role signal."
100000003001661100,distributor,0.66,27,0.706842,"Fan-out signs: 5 recipients/8 tx, 439,500 KZT out; 1 payers/1 tx in. Verify."
100000003003821100,terminal,0.82,2,0.517568,"No captured outflow at hop 2; 40,000 KZT from 1 payers/1 tx. Observed-sample terminal; verify."
100000003004487100,coordinator,0.76,30,0.822664,"Coordination signs: 4 payers/9 tx in, 2 recipients/3 tx out; betweenness p96, 1 seeds within 2 hops. Verify."
100000003005167100,terminal,0.45,7,0.297741,"Hop 4: 7,000 KZT from 1 payers/1 tx, 0 captured recipients; depth-cutoff artifact possible; terminal status unproven."
100000003006633100,terminal,0.82,34,0.333122,"No captured outflow at hop 3; 10,000 KZT from 1 payers/1 tx. Observed-sample terminal; verify."
100000003009900100,terminal,0.82,7,0.320839,"No captured outflow at hop 3; 15,998 KZT from 1 payers/1 tx. Observed-sample terminal; verify."
100000003010908100,terminal,0.45,7,0.466366,"Hop 4: 17,000 KZT from 1 payers/1 tx, 0 captured recipients; depth-cutoff artifact possible; terminal status unproven."
100000003014659100,terminal,0.82,11,0.488173,"No captured outflow at hop 1; 280,000 KZT from 1 payers/1 tx. Observed-sample terminal; verify."
100000003016438100,peripheral,0.50,5,0.575056,"1 payers/1 tx in (200,000 KZT), 1 recipients/3 tx out (300,000 KZT); no strong role signal."
100000003016635100,coordinator,0.76,3,0.986671,"Coordination signs: 8 payers/36 tx in, 73 recipients/151 tx out; betweenness p100, 9 seeds within 2 hops. Verify. Seed inflow is understated."
100000003016773100,terminal,0.82,5,0.450011,"No captured outflow at hop 2; 46,555 KZT from 1 payers/1 tx. Observed-sample terminal; verify."
100000003022835100,terminal,0.82,2,0.460470,"No captured outflow at hop 1; 125,000 KZT from 1 payers/1 tx. Observed-sample terminal; verify."
100000003024542100,terminal,0.82,2,0.454951,"No captured outflow at hop 2; 8,500 KZT from 1 payers/1 tx. Observed-sample terminal; verify."
100000003025903100,terminal,0.45,6,0.491600,"Hop 4: 386,300 KZT from 1 payers/6 tx, 0 captured recipients; depth-cutoff artifact possible; terminal status unproven."
100000003031003100,terminal,0.82,9,0.531464,"No captured outflow at hop 3; 280,090 KZT from 3 payers/3 tx. Observed-sample terminal; verify."
100000003031633100,terminal,0.82,5,0.408289,"No captured outflow at hop 3; 414,000 KZT from 1 payers/2 tx. Observed-sample terminal; verify."
100000003031761100,terminal,0.82,4,0.413763,"No captured outflow at hop 3; 460,408 KZT from 1 payers/1 tx. Observed-sample terminal; verify."
100000003031890100,terminal,0.82,24,0.504350,"No captured outflow at hop 2; 215,000 KZT from 1 payers/10 tx. Observed-sample terminal; verify."
100000003034546100,terminal,0.82,17,0.469904,"No captured outflow at hop 2; 486,715 KZT from 1 payers/2 tx. Observed-sample terminal; verify."
100000003035737100,consolidator,0.72,6,0.721907,"Consolidation signs: 2 payers/3 tx, 809,170 KZT in; forwarded 1% of recorded inflow; verify."
100000003036198100,terminal,0.82,2,0.339976,"No captured outflow at hop 2; 15,000 KZT from 1 payers/1 tx. Observed-sample terminal; verify."
100000003037476100,terminal,0.45,5,0.579662,"Hop 4: 555,000 KZT from 3 payers/3 tx, 0 captured recipients; depth-cutoff artifact possible; terminal status unproven."
100000003037660100,terminal,0.82,2,0.414208,"No captured outflow at hop 1; 53,000 KZT from 1 payers/1 tx. Observed-sample terminal; verify."
100000003039473100,terminal,0.82,3,0.442668,"No captured outflow at hop 2; 23,000 KZT from 1 payers/1 tx. Observed-sample terminal; verify."
100000003040087100,terminal,0.45,7,0.353149,"Hop 4: 29,000 KZT from 1 payers/1 tx, 0 captured recipients; depth-cutoff artifact possible; terminal status unproven."
100000003042994100,terminal,0.82,3,0.452147,"No captured outflow at hop 1; 286,086 KZT from 1 payers/3 tx. Observed-sample terminal; verify."
100000003044431100,terminal,0.82,0,0.552503,"No captured outflow at hop 2; 60,000 KZT from 2 payers/2 tx. Observed-sample terminal; verify."
100000003044518100,terminal,0.82,10,0.315832,"No captured outflow at hop 1; 34,423 KZT from 1 payers/1 tx. Observed-sample terminal; verify."
100000003047800100,terminal,0.45,9,0.455685,"Hop 4: 12,212 KZT from 1 payers/1 tx, 0 captured recipients; depth-cutoff artifact possible; terminal status unproven."
100000003050771100,terminal,0.82,13,0.495672,"No captured outflow at hop 3; 229,000 KZT from 1 payers/1 tx. Observed-sample terminal; verify."
100000003054328100,peripheral,0.50,9,0.622719,"1 payers/1 tx in (140,000 KZT), 2 recipients/2 tx out (193,720 KZT); no strong role signal."
100000003057225100,terminal,0.82,3,0.439998,"No captured outflow at hop 1; 236,000 KZT from 1 payers/1 tx. Observed-sample terminal; verify."
100000003060187100,terminal,0.82,18,0.375178,"No captured outflow at hop 3; 93,046 KZT from 1 payers/1 tx. Observed-sample terminal; verify."
100000003060517100,terminal,0.82,16,0.449811,"No captured outflow at hop 3; 315,955 KZT from 1 payers/1 tx. Observed-sample terminal; verify."
100000003061115100,terminal,0.45,0,0.499878,"Hop 4: 45,000 KZT from 1 payers/1 tx, 0 captured recipients; depth-cutoff artifact possible; terminal status unproven."
100000003062895100,terminal,0.82,5,0.642490,"No captured outflow at hop 2; 328,444 KZT from 2 payers/2 tx. Observed-sample terminal; verify."
100000003066385100,terminal,0.82,0,0.474021,"No captured outflow at hop 1; 20,000 KZT from 2 payers/2 tx. Observed-sample terminal; verify."
100000003068941100,consolidator,0.72,0,0.750779,"Consolidation signs: 3 payers/3 tx, 94,000 KZT in; forwarded 27% of recorded inflow; verify."
100000003069463100,peripheral,0.50,26,0.444081,"1 payers/1 tx in (11,500 KZT), 1 recipients/1 tx out (17,920 KZT); no strong role signal."
100000003071649100,terminal,0.82,5,0.346874,"No captured outflow at hop 3; 189,500 KZT from 1 payers/1 tx. Observed-sample terminal; verify."
100000003071930100,consolidator,0.72,17,0.810136,"Consolidation signs: 3 payers/4 tx, 477,610 KZT in; forwarded 1% of recorded inflow; verify."
100000003072205100,terminal,0.45,5,0.526558,"Hop 4: 163,000 KZT from 2 payers/2 tx, 0 captured recipients; depth-cutoff artifact possible; terminal status unproven."
100000003072676100,terminal,0.82,16,0.333255,"No captured outflow at hop 3; 31,545 KZT from 1 payers/1 tx. Observed-sample terminal; verify."
100000003073398100,terminal,0.82,8,0.422107,"No captured outflow at hop 2; 92,960 KZT from 1 payers/1 tx. Observed-sample terminal; verify."
100000003073635100,terminal,0.82,4,0.400812,"No captured outflow at hop 3; 129,231 KZT from 1 payers/1 tx. Observed-sample terminal; verify."
100000003074515100,terminal,0.45,5,0.365165,"Hop 4: 105,000 KZT from 1 payers/1 tx, 0 captured recipients; depth-cutoff artifact possible; terminal status unproven."
100000003078839100,terminal,0.45,4,0.408422,"Hop 4: 14,000 KZT from 1 payers/2 tx, 0 captured recipients; depth-cutoff artifact possible; terminal status unproven."
100000003083865100,terminal,0.45,7,0.317034,"Hop 4: 15,000 KZT from 1 payers/1 tx, 0 captured recipients; depth-cutoff artifact possible; terminal status unproven."
100000003084870100,terminal,0.45,9,0.439397,"Hop 4: 6,500 KZT from 1 payers/1 tx, 0 captured recipients; depth-cutoff artifact possible; terminal status unproven."
100000003086040100,terminal,0.82,0,0.549744,"No captured outflow at hop 2; 10,500 KZT from 1 payers/1 tx. Observed-sample terminal; verify."
100000003087877100,terminal,0.82,4,0.324844,"No captured outflow at hop 3; 91,486 KZT from 1 payers/1 tx. Observed-sample terminal; verify."
100000003089018100,terminal,0.82,17,0.431854,"No captured outflow at hop 2; 230,000 KZT from 1 payers/1 tx. Observed-sample terminal; verify."
100000003089553100,terminal,0.82,5,0.390265,"No captured outflow at hop 3; 150,000 KZT from 1 payers/1 tx. Observed-sample terminal; verify."
100000003091142100,terminal,0.45,0,0.469036,"Hop 4: 40,000 KZT from 1 payers/1 tx, 0 captured recipients; depth-cutoff artifact possible; terminal status unproven."
100000003093299100,terminal,0.82,0,0.264097,"No captured outflow at hop 3; 15,000 KZT from 1 payers/1 tx. Observed-sample terminal; verify."
100000003095610100,terminal,0.82,7,0.341400,"No captured outflow at hop 3; 23,665 KZT from 1 payers/1 tx. Observed-sample terminal; verify."
100000003096787100,terminal,0.45,7,0.321907,"Hop 4: 16,400 KZT from 1 payers/1 tx, 0 captured recipients; depth-cutoff artifact possible; terminal status unproven."
100000003097324100,terminal,0.82,20,0.535369,"No captured outflow at hop 3; 294,000 KZT from 2 payers/2 tx. Observed-sample terminal; verify."
100000003097947100,terminal,0.45,4,0.417101,"Hop 4: 52,980 KZT from 1 payers/1 tx, 0 captured recipients; depth-cutoff artifact possible; terminal status unproven."
100000003102157100,terminal,0.82,0,0.424243,"No captured outflow at hop 1; 96,746 KZT from 1 payers/2 tx. Observed-sample terminal; verify."
100000003104347100,peripheral,0.50,22,0.645227,"1 payers/1 tx in (418,000 KZT), 1 recipients/1 tx out (32,000 KZT); no strong role signal."
100000003105089100,terminal,0.45,21,0.365899,"Hop 4: 10,000 KZT from 1 payers/1 tx, 0 captured recipients; depth-cutoff artifact possible; terminal status unproven."
100000003105929100,peripheral,0.50,6,0.518591,"1 payers/2 tx in (429,567 KZT), 1 recipients/1 tx out (156,354 KZT); no strong role signal."
100000003109805100,terminal,0.82,16,0.319904,"No captured outflow at hop 3; 36,929 KZT from 1 payers/1 tx. Observed-sample terminal; verify."
100000003111305100,terminal,0.82,8,0.607043,"No captured outflow at hop 3; 509,338 KZT from 4 payers/4 tx. Observed-sample terminal; verify."
100000003112436100,terminal,0.82,3,0.439575,"No captured outflow at hop 2; 100,000 KZT from 1 payers/1 tx. Observed-sample terminal; verify."
100000003112578100,terminal,0.82,9,0.308823,"No captured outflow at hop 3; 101,080 KZT from 1 payers/1 tx. Observed-sample terminal; verify."
100000003115284100,coordinator,0.76,11,0.960458,"Coordination signs: 8 payers/15 tx in, 2 recipients/4 tx out; betweenness p95, 4 seeds within 2 hops. Verify."
100000003116106100,terminal,0.82,6,0.375445,"No captured outflow at hop 3; 494,050 KZT from 1 payers/2 tx. Observed-sample terminal; verify."
100000003119550100,terminal,0.82,1,0.346740,"No captured outflow at hop 1; 21,000 KZT from 1 payers/1 tx. Observed-sample terminal; verify."
100000003122817100,terminal,0.82,26,0.465432,"No captured outflow at hop 3; 444,680 KZT from 1 payers/1 tx. Observed-sample terminal; verify."
100000003123296100,terminal,0.82,12,0.409557,"No captured outflow at hop 1; 86,200 KZT from 1 payers/2 tx. Observed-sample terminal; verify."
100000003125997100,terminal,0.45,5,0.508155,"Hop 4: 87,750 KZT from 1 payers/1 tx, 0 captured recipients; depth-cutoff artifact possible; terminal status unproven."
100000003128638100,terminal,0.45,5,0.447274,"Hop 4: 300,000 KZT from 1 payers/1 tx, 0 captured recipients; depth-cutoff artifact possible; terminal status unproven."
100000003131016100,peripheral,0.50,0,0.631475,"1 payers/7 tx in (405,700 KZT), 1 recipients/4 tx out (126,000 KZT); no strong role signal."
100000003131693100,terminal,0.82,2,0.508200,"No captured outflow at hop 1; 353,277 KZT from 1 payers/1 tx. Observed-sample terminal; verify."
100000003132484100,terminal,0.82,17,0.503082,"No captured outflow at hop 3; 90,000 KZT from 1 payers/1 tx. Observed-sample terminal; verify."
100000003133045100,terminal,0.45,5,0.430185,"Hop 4: 68,000 KZT from 1 payers/1 tx, 0 captured recipients; depth-cutoff artifact possible; terminal status unproven."
100000003134474100,terminal,0.82,6,0.298008,"No captured outflow at hop 3; 116,000 KZT from 1 payers/1 tx. Observed-sample terminal; verify."
100000003134550100,terminal,0.45,5,0.362227,"Hop 4: 100,000 KZT from 1 payers/1 tx, 0 captured recipients; depth-cutoff artifact possible; terminal status unproven."
100000003134934100,terminal,0.82,0,0.652904,"No captured outflow at hop 2; 379,354 KZT from 4 payers/4 tx. Observed-sample terminal; verify."
100000003134937100,terminal,0.82,3,0.307822,"No captured outflow at hop 1; 10,286 KZT from 1 payers/1 tx. Observed-sample terminal; verify."
100000003146511100,terminal,0.45,13,0.400679,"Hop 4: 10,000 KZT from 1 payers/1 tx, 0 captured recipients; depth-cutoff artifact possible; terminal status unproven."
100000003147719100,terminal,0.82,5,0.312428,"No captured outflow at hop 3; 100,000 KZT from 1 payers/1 tx. Observed-sample terminal; verify."
100000003148220100,peripheral,0.50,57,0.726402,"1 payers/1 tx in (5,650 KZT), 2 recipients/4 tx out (43,400 KZT); no strong role signal."
100000003149149100,terminal,0.82,6,0.335392,"No captured outflow at hop 3; 245,000 KZT from 1 payers/1 tx. Observed-sample terminal; verify."
100000003152964100,peripheral,0.50,4,0.559713,"1 payers/1 tx in (141,847 KZT), 1 recipients/1 tx out (5,500 KZT); no strong role signal."
100000003154105100,coordinator,0.76,21,0.715565,"Coordination signs: 1 payers/1 tx in, 7 recipients/9 tx out; betweenness p95, 0 seeds within 2 hops. Verify."
100000003157333100,terminal,0.82,8,0.359757,"No captured outflow at hop 2; 30,000 KZT from 1 payers/1 tx. Observed-sample terminal; verify."
100000003157679100,terminal,0.82,5,0.594493,"No captured outflow at hop 3; 541,000 KZT from 4 payers/4 tx. Observed-sample terminal; verify."
100000003158727100,terminal,0.82,10,0.579595,"No captured outflow at hop 1; 367,940 KZT from 3 payers/3 tx. Observed-sample terminal; verify."
100000003159641100,peripheral,0.50,56,0.744459,"4 payers/7 tx in (64,000 KZT), 1 recipients/1 tx out (197,800 KZT); no strong role signal."
100000003163256100,transit,0.68,3,0.463652,"Transit signs: 1 payers/1 tx in, 1 recipients/1 tx out; forwarded 111% of recorded inflow. Verify."
100000003163886100,terminal,0.82,53,0.530185,"No captured outflow at hop 3; 500,000 KZT from 1 payers/1 tx. Observed-sample terminal; verify."
100000003164661100,terminal,0.82,28,0.519504,"No captured outflow at hop 3; 596,200 KZT from 1 payers/3 tx. Observed-sample terminal; verify."
100000003166017100,terminal,0.45,7,0.317034,"Hop 4: 15,000 KZT from 1 payers/1 tx, 0 captured recipients; depth-cutoff artifact possible; terminal status unproven."
100000003166755100,terminal,0.82,2,0.361204,"No captured outflow at hop 2; 24,010 KZT from 1 payers/1 tx. Observed-sample terminal; verify."
100000003171006100,terminal,0.82,5,0.543247,"No captured outflow at hop 3; 485,000 KZT from 2 payers/2 tx. Observed-sample terminal; verify."
100000003171587100,peripheral,0.50,6,0.703293,"2 payers/2 tx in (700,000 KZT), 2 recipients/7 tx out (431,300 KZT); no strong role signal."
100000003173783100,terminal,0.45,29,0.440866,"Hop 4: 23,500 KZT from 1 payers/2 tx, 0 captured recipients; depth-cutoff artifact possible; terminal status unproven."
100000003177533100,terminal,0.45,4,0.434324,"Hop 4: 20,000 KZT from 1 payers/3 tx, 0 captured recipients; depth-cutoff artifact possible; terminal status unproven."
100000003178549100,coordinator,0.76,16,0.825267,"Coordination signs: 2 payers/2 tx in, 4 recipients/4 tx out; betweenness p96, 2 seeds within 2 hops. Verify."
100000003180305100,terminal,0.45,0,0.491733,"Hop 4: 144,000 KZT from 1 payers/1 tx, 0 captured recipients; depth-cutoff artifact possible; terminal status unproven."
100000003180820100,terminal,0.45,5,0.362361,"Hop 4: 101,000 KZT from 1 payers/1 tx, 0 captured recipients; depth-cutoff artifact possible; terminal status unproven."
100000003186579100,terminal,0.45,4,0.490131,"Hop 4: 110,000 KZT from 1 payers/2 tx, 0 captured recipients; depth-cutoff artifact possible; terminal status unproven."
100000003187359100,terminal,0.82,1,0.342000,"No captured outflow at hop 1; 19,072 KZT from 1 payers/1 tx. Observed-sample terminal; verify."
100000003188607100,peripheral,0.50,10,0.586627,"1 payers/1 tx in (18,000 KZT), 1 recipients/1 tx out (5,000 KZT); no strong role signal."
100000003190207100,peripheral,0.50,19,0.589241,"1 payers/1 tx in (5,000 KZT), 1 recipients/8 tx out (377,000 KZT); no strong role signal."
100000003191430100,terminal,0.82,3,0.536393,"No captured outflow at hop 2; 180,000 KZT from 1 payers/1 tx. Observed-sample terminal; verify."
100000003192220100,terminal,0.82,3,0.529584,"No captured outflow at hop 2; 60,000 KZT from 1 payers/2 tx. Observed-sample terminal; verify."
100000003192309100,peripheral,0.50,1,0.423554,"1 payers/1 tx in (17,200 KZT), 1 recipients/1 tx out (213,000 KZT); no strong role signal."
100000003194831100,terminal,0.45,9,0.313229,"Hop 4: 6,265 KZT from 1 payers/1 tx, 0 captured recipients; depth-cutoff artifact possible; terminal status unproven."
100000003199390100,terminal,0.45,6,0.456887,"Hop 4: 260,000 KZT from 1 payers/1 tx, 0 captured recipients; depth-cutoff artifact possible; terminal status unproven."
100000003200071100,peripheral,0.50,67,0.240376,"0 payers/0 tx in (0 KZT), 1 recipients/1 tx out (30,000 KZT); no strong role signal. Seed inflow is understated."
100000003204491100,transit,0.68,0,0.511782,"Transit signs: 1 payers/1 tx in, 1 recipients/2 tx out; forwarded 71% of recorded inflow. Verify."
100000003205210100,terminal,0.82,2,0.466411,"No captured outflow at hop 1; 137,563 KZT from 1 payers/1 tx. Observed-sample terminal; verify."
100000003207060100,terminal,0.45,0,0.472641,"Hop 4: 53,000 KZT from 1 payers/1 tx, 0 captured recipients; depth-cutoff artifact possible; terminal status unproven."
100000003213473100,distributor,0.66,0,0.562784,"Fan-out signs: 11 recipients/12 tx, 240,000 KZT out; 1 payers/2 tx in. Verify."
100000003214786100,terminal,0.45,0,0.470572,"Hop 4: 5,000 KZT from 1 payers/1 tx, 0 captured recipients; depth-cutoff artifact possible; terminal status unproven."
100000003215448100,peripheral,0.50,4,0.563307,"1 payers/1 tx in (91,309 KZT), 2 recipients/4 tx out (124,000 KZT); no strong role signal."
100000003216073100,peripheral,0.50,4,0.419292,"1 payers/1 tx in (37,001 KZT), 1 recipients/1 tx out (70,000 KZT); no strong role signal."
100000003218308100,terminal,0.82,0,0.262094,"No captured outflow at hop 3; 11,165 KZT from 1 payers/1 tx. Observed-sample terminal; verify."
100000003219438100,terminal,0.82,33,0.519170,"No captured outflow at hop 2; 32,000 KZT from 1 payers/1 tx. Observed-sample terminal; verify."
100000003220685100,terminal,0.45,6,0.502014,"Hop 4: 1,306,000 KZT from 1 payers/2 tx, 0 captured recipients; depth-cutoff artifact possible; terminal status unproven."
100000003221384100,terminal,0.82,15,0.519304,"No captured outflow at hop 2; 511,200 KZT from 1 payers/1 tx. Observed-sample terminal; verify."
100000003221510100,peripheral,0.50,60,0.449021,"1 payers/1 tx in (24,000 KZT), 2 recipients/3 tx out (120,000 KZT); no strong role signal."
100000003230328100,terminal,0.45,0,0.637517,"Hop 4: 26,572 KZT from 3 payers/3 tx, 0 captured recipients; depth-cutoff artifact possible; terminal status unproven."
100000003230329100,terminal,0.45,5,0.369036,"Hop 4: 110,000 KZT from 1 payers/1 tx, 0 captured recipients; depth-cutoff artifact possible; terminal status unproven."
100000003232675100,terminal,0.45,13,0.466767,"Hop 4: 44,000 KZT from 1 payers/2 tx, 0 captured recipients; depth-cutoff artifact possible; terminal status unproven."
100000003235780100,terminal,0.82,0,0.470416,"No captured outflow at hop 1; 65,000 KZT from 2 payers/2 tx. Observed-sample terminal; verify."
100000003237045100,peripheral,0.50,3,0.546963,"1 payers/2 tx in (340,200 KZT), 1 recipients/1 tx out (150,000 KZT); no strong role signal."
100000003239379100,terminal,0.82,12,0.414631,"No captured outflow at hop 1; 92,500 KZT from 1 payers/1 tx. Observed-sample terminal; verify."
100000003239859100,terminal,0.82,12,0.329784,"No captured outflow at hop 1; 18,600 KZT from 1 payers/1 tx. Observed-sample terminal; verify."
100000003241965100,terminal,0.82,7,0.316700,"No captured outflow at hop 3; 15,000 KZT from 1 payers/1 tx. Observed-sample terminal; verify."
100000003242289100,coordinator,0.76,16,0.888117,"Coordination signs: 3 payers/8 tx in, 23 recipients/26 tx out; betweenness p98, 2 seeds within 2 hops. Verify."
100000003242795100,terminal,0.82,6,0.294804,"No captured outflow at hop 3; 111,000 KZT from 1 payers/1 tx. Observed-sample terminal; verify."
100000003246024100,coordinator,0.76,0,0.693714,"Coordination signs: 1 payers/1 tx in, 1 recipients/1 tx out; betweenness p99, 1 seeds within 2 hops. Verify."
100000003247600100,terminal,0.45,2,0.534991,"Hop 4: 58,000 KZT from 1 payers/1 tx, 0 captured recipients; depth-cutoff artifact possible; terminal status unproven."
100000003249054100,consolidator,0.72,2,0.854984,"Consolidation signs: 7 payers/11 tx, 99,700 KZT in; forwarded 15% of recorded inflow; verify."
100000003252446100,terminal,0.45,5,0.368636,"Hop 4: 108,600 KZT from 1 payers/1 tx, 0 captured recipients; depth-cutoff artifact possible; terminal status unproven."
100000003254277100,transit,0.68,0,0.436615,"Transit signs: 1 payers/1 tx in, 1 recipients/1 tx out; forwarded 91% of recorded inflow. Verify."
100000003254723100,terminal,0.82,2,0.556130,"No captured outflow at hop 2; 269,850 KZT from 1 payers/6 tx. Observed-sample terminal; verify."
100000003265158100,coordinator,0.76,12,0.861593,"Coordination signs: 3 payers/3 tx in, 2 recipients/4 tx out; betweenness p95, 5 seeds within 2 hops. Verify."
100000003265658100,peripheral,0.50,73,0.198698,"0 payers/0 tx in (0 KZT), 0 recipients/0 tx out (0 KZT); no strong role signal. Seed inflow is understated."
100000003270419100,terminal,0.82,13,0.534591,"No captured outflow at hop 3; 150,000 KZT from 1 payers/1 tx. Observed-sample terminal; verify."
100000003271151100,terminal,0.82,4,0.399744,"No captured outflow at hop 3; 127,294 KZT from 1 payers/1 tx. Observed-sample terminal; verify."
100000003275398100,peripheral,0.50,24,0.558445,"1 payers/1 tx in (300,000 KZT), 1 recipients/1 tx out (20,000 KZT); no strong role signal."
100000003278020100,terminal,0.82,0,0.463896,"No captured outflow at hop 2; 190,000 KZT from 1 payers/1 tx. Observed-sample terminal; verify."
100000003284932100,terminal,0.82,2,0.428894,"No captured outflow at hop 1; 69,925 KZT from 1 payers/1 tx. Observed-sample terminal; verify."
100000003286537100,terminal,0.82,5,0.485169,"No captured outflow at hop 3; 153,000 KZT from 2 payers/2 tx. Observed-sample terminal; verify."
100000003289281100,terminal,0.45,0,0.519103,"Hop 4: 40,000 KZT from 1 payers/1 tx, 0 captured recipients; depth-cutoff artifact possible; terminal status unproven."
100000003289405100,terminal,0.82,2,0.497919,"No captured outflow at hop 2; 355,000 KZT from 1 payers/1 tx. Observed-sample terminal; verify."
100000003292191100,terminal,0.82,20,0.367034,"No captured outflow at hop 3; 112,000 KZT from 1 payers/1 tx. Observed-sample terminal; verify."
100000003292979100,terminal,0.82,2,0.469237,"No captured outflow at hop 2; 48,950 KZT from 1 payers/1 tx. Observed-sample terminal; verify."
100000003293377100,terminal,0.82,6,0.270372,"No captured outflow at hop 3; 50,000 KZT from 1 payers/1 tx. Observed-sample terminal; verify."
100000003299365100,transit,0.68,2,0.527581,"Transit signs: 1 payers/1 tx in, 1 recipients/1 tx out; forwarded 100% of recorded inflow. Verify."
100000003321423100,terminal,0.82,11,0.567635,"No captured outflow at hop 2; 100,000 KZT from 1 payers/2 tx. Observed-sample terminal; verify."
100000003321895100,peripheral,0.50,61,0.582098,"1 payers/1 tx in (24,000 KZT), 2 recipients/3 tx out (553,830 KZT); no strong role signal."
100000003336565100,terminal,0.82,1,0.358689,"No captured outflow at hop 2; 16,550 KZT from 1 payers/1 tx. Observed-sample terminal; verify."
100000003338583100,terminal,0.82,24,0.348810,"No captured outflow at hop 3; 21,765 KZT from 1 payers/1 tx. Observed-sample terminal; verify."
100000003345947100,terminal,0.45,4,0.486526,"Hop 4: 79,500 KZT from 1 payers/6 tx, 0 captured recipients; depth-cutoff artifact possible; terminal status unproven."
100000003349739100,peripheral,0.50,74,0.198698,"0 payers/0 tx in (0 KZT), 0 recipients/0 tx out (0 KZT); no strong role signal. Seed inflow is understated."
100000003360542100,consolidator,0.72,11,0.870372,"Consolidation signs: 2 payers/3 tx, 317,000 KZT in; forwarded 16% of recorded inflow; verify."
100000003366154100,distributor,0.66,2,0.660848,"Fan-out signs: 3 recipients/3 tx, 289,170 KZT out; 1 payers/1 tx in. Verify."
100000003366471100,consolidator,0.72,4,0.713095,"Consolidation signs: 2 payers/5 tx, 329,789 KZT in; forwarded 6% of recorded inflow; verify."
100000003370425100,terminal,0.45,13,0.524043,"Hop 4: 20,000 KZT from 1 payers/1 tx, 0 captured recipients; depth-cutoff artifact possible; terminal status unproven."
100000003377795100,terminal,0.82,10,0.301814,"No captured outflow at hop 1; 7,000 KZT from 1 payers/1 tx. Observed-sample terminal; verify."
100000003390036100,consolidator,0.72,11,0.910136,"Consolidation signs: 2 payers/4 tx, 231,300 KZT in; forwarded 27% of recorded inflow; verify."
100000003404627100,terminal,0.82,37,0.758066,"No captured outflow at hop 1; 877,700 KZT from 4 payers/5 tx. Observed-sample terminal; verify."
100000003406094100,distributor,0.66,3,0.718024,"Fan-out signs: 3 recipients/3 tx, 47,000 KZT out; 1 payers/4 tx in. Verify."
100000003447411100,terminal,0.45,4,0.428382,"Hop 4: 302,000 KZT from 1 payers/3 tx, 0 captured recipients; depth-cutoff artifact possible; terminal status unproven."
100000003448713100,terminal,0.45,4,0.423442,"Hop 4: 266,750 KZT from 1 payers/1 tx, 0 captured recipients; depth-cutoff artifact possible; terminal status unproven."
100000003449074100,terminal,0.82,0,0.314497,"No captured outflow at hop 1; 10,000 KZT from 1 payers/1 tx. Observed-sample terminal; verify."
100000003457710100,peripheral,0.50,6,0.503905,"1 payers/1 tx in (326,555 KZT), 1 recipients/2 tx out (1,306,000 KZT); no strong role signal."
100000003470579100,terminal,0.45,26,0.514697,"Hop 4: 357,000 KZT from 1 payers/2 tx, 0 captured recipients; depth-cutoff artifact possible; terminal status unproven."
100000003476560100,terminal,0.82,2,0.410737,"No captured outflow at hop 1; 50,000 KZT from 1 payers/1 tx. Observed-sample terminal; verify."
100000003481025100,terminal,0.45,0,0.495872,"Hop 4: 9,000 KZT from 1 payers/1 tx, 0 captured recipients; depth-cutoff artifact possible; terminal status unproven."
100000003484058100,peripheral,0.50,14,0.563585,"1 payers/1 tx in (110,000 KZT), 1 recipients/1 tx out (6,000 KZT); no strong role signal."
100000003486846100,terminal,0.45,3,0.496139,"Hop 4: 27,000 KZT from 1 payers/2 tx, 0 captured recipients; depth-cutoff artifact possible; terminal status unproven."
100000003486970100,terminal,0.82,6,0.309891,"No captured outflow at hop 3; 150,000 KZT from 1 payers/1 tx. Observed-sample terminal; verify."
100000003497735100,terminal,0.82,18,0.389464,"No captured outflow at hop 3; 125,000 KZT from 1 payers/1 tx. Observed-sample terminal; verify."
100000003500764100,terminal,0.45,16,0.493870,"Hop 4: 21,000 KZT from 1 payers/1 tx, 0 captured recipients; depth-cutoff artifact possible; terminal status unproven."
100000003509750100,transit,0.68,8,0.879161,"Transit signs: 3 payers/4 tx in, 3 recipients/5 tx out; forwarded 95% of recorded inflow. Verify."
100000003528285100,coordinator,0.76,2,0.874933,"Coordination signs: 4 payers/5 tx in, 4 recipients/6 tx out; betweenness p95, 2 seeds within 2 hops. Verify."
100000003557488100,peripheral,0.50,30,0.687372,"1 payers/3 tx in (664,992 KZT), 2 recipients/4 tx out (138,000 KZT); no strong role signal."
100000003561031100,peripheral,0.50,4,0.435013,"1 payers/1 tx in (13,300 KZT), 1 recipients/1 tx out (5,000 KZT); no strong role signal."
100000003567087100,terminal,0.82,1,0.402748,"No captured outflow at hop 1; 62,115 KZT from 1 payers/1 tx. Observed-sample terminal; verify."
100000003568904100,terminal,0.45,13,0.496673,"Hop 4: 49,000 KZT from 1 payers/1 tx, 0 captured recipients; depth-cutoff artifact possible; terminal status unproven."
100000003574895100,transit,0.68,0,0.422730,"Transit signs: 1 payers/1 tx in, 1 recipients/1 tx out; forwarded 72% of recorded inflow. Verify."
100000003581109100,terminal,0.82,0,0.277715,"No captured outflow at hop 3; 42,750 KZT from 1 payers/1 tx. Observed-sample terminal; verify."
100000003582677100,coordinator,0.76,2,0.709557,"Coordination signs: 2 payers/2 tx in, 4 recipients/5 tx out; betweenness p94, 2 seeds within 2 hops. Verify."
100000003589877100,distributor,0.66,5,0.772908,"Fan-out signs: 6 recipients/6 tx, 416,129 KZT out; 2 payers/2 tx in. Verify."
100000003594472100,terminal,0.82,30,0.341667,"No captured outflow at hop 3; 20,000 KZT from 1 payers/1 tx. Observed-sample terminal; verify."
100000003603979100,terminal,0.82,24,0.558823,"No captured outflow at hop 2; 165,000 KZT from 1 payers/3 tx. Observed-sample terminal; verify."
100000003610172100,terminal,0.82,6,0.276914,"No captured outflow at hop 3; 70,000 KZT from 1 payers/1 tx. Observed-sample terminal; verify."
100000003616818100,distributor,0.66,24,0.822152,"Fan-out signs: 3 recipients/8 tx, 240,100 KZT out; 3 payers/4 tx in. Verify."
100000003617552100,terminal,0.82,28,0.550679,"No captured outflow at hop 2; 25,000 KZT from 1 payers/1 tx. Observed-sample terminal; verify."
100000003622955100,terminal,0.45,11,0.545271,"Hop 4: 15,000 KZT from 1 payers/1 tx, 0 captured recipients; depth-cutoff artifact possible; terminal status unproven."
100000003626268100,terminal,0.45,4,0.495605,"Hop 4: 5,000 KZT from 1 payers/1 tx, 0 captured recipients; depth-cutoff artifact possible; terminal status unproven."
100000003631015100,terminal,0.45,40,0.420438,"Hop 4: 266,000 KZT from 1 payers/1 tx, 0 captured recipients; depth-cutoff artifact possible; terminal status unproven."
100000003632533100,terminal,0.45,6,0.473309,"Hop 4: 10,000 KZT from 1 payers/1 tx, 0 captured recipients; depth-cutoff artifact possible; terminal status unproven."
100000003635170100,coordinator,0.76,11,0.942123,"Coordination signs: 3 payers/13 tx in, 4 recipients/10 tx out; betweenness p96, 2 seeds within 2 hops. Verify."
100000003635660100,terminal,0.82,0,0.310959,"No captured outflow at hop 3; 18,985 KZT from 1 payers/1 tx. Observed-sample terminal; verify."
100000003636627100,peripheral,0.50,8,0.592557,"1 payers/8 tx in (77,000 KZT), 1 recipients/1 tx out (10,000 KZT); no strong role signal."
100000003646145100,terminal,0.45,32,0.524844,"Hop 4: 5,000 KZT from 1 payers/1 tx, 0 captured recipients; depth-cutoff artifact possible; terminal status unproven."
100000003647799100,terminal,0.82,6,0.290332,"No captured outflow at hop 3; 100,000 KZT from 1 payers/1 tx. Observed-sample terminal; verify."
100000003650146100,terminal,0.82,3,0.369437,"No captured outflow at hop 3; 14,400 KZT from 1 payers/1 tx. Observed-sample terminal; verify."
100000003664994100,terminal,0.45,41,0.462094,"Hop 4: 338,271 KZT from 1 payers/2 tx, 0 captured recipients; depth-cutoff artifact possible; terminal status unproven."
100000003671721100,terminal,0.82,7,0.512828,"No captured outflow at hop 3; 5,000 KZT from 1 payers/1 tx. Observed-sample terminal; verify."
100000003677936100,peripheral,0.50,10,0.546095,"1 payers/1 tx in (71,000 KZT), 1 recipients/2 tx out (13,000 KZT); no strong role signal."
100000003684369100,coordinator,0.76,2,0.992546,"Coordination signs: 24 payers/58 tx in, 62 recipients/67 tx out; betweenness p99, 7 seeds within 2 hops. Verify. Seed inflow is understated."
100000003692843100,terminal,0.45,61,0.492935,"Hop 4: 510,000 KZT from 1 payers/2 tx, 0 captured recipients; depth-cutoff artifact possible; terminal status unproven."
100000003696422100,terminal,0.45,30,0.528449,"Hop 4: 118,000 KZT from 1 payers/2 tx, 0 captured recipients; depth-cutoff artifact possible; terminal status unproven."
100000003701161100,coordinator,0.76,22,0.954150,"Coordination signs: 4 payers/13 tx in, 3 recipients/7 tx out; betweenness p96, 2 seeds within 2 hops. Verify."
100000003711830100,terminal,0.82,4,0.349210,"No captured outflow at hop 3; 50,000 KZT from 1 payers/1 tx. Observed-sample terminal; verify."
100000003713616100,terminal,0.82,3,0.313162,"No captured outflow at hop 1; 15,893 KZT from 1 payers/1 tx. Observed-sample terminal; verify."
100000003718221100,transit,0.68,22,0.883267,"Transit signs: 2 payers/6 tx in, 4 recipients/8 tx out; forwarded 121% of recorded inflow. Verify."
100000003718715100,terminal,0.45,13,0.516032,"Hop 4: 915,000 KZT from 1 payers/3 tx, 0 captured recipients; depth-cutoff artifact possible; terminal status unproven."
100000003724440100,terminal,0.82,0,0.573442,"No captured outflow at hop 2; 50,000 KZT from 2 payers/2 tx. Observed-sample terminal; verify."
100000003736419100,peripheral,0.50,0,0.473732,"1 payers/1 tx in (23,300 KZT), 1 recipients/1 tx out (10,000 KZT); no strong role signal."
100000003739818100,terminal,0.82,2,0.418080,"No captured outflow at hop 1; 57,293 KZT from 1 payers/1 tx. Observed-sample terminal; verify."
100000003741418100,consolidator,0.72,6,0.921251,"Consolidation signs: 9 payers/13 tx, 151,900 KZT in; forwarded 26% of recorded inflow; verify."
100000003747133100,transit,0.68,46,0.862483,"Transit signs: 5 payers/8 tx in, 2 recipients/2 tx out; forwarded 105% of recorded inflow. Verify."
100000003760160100,terminal,0.82,6,0.293336,"No captured outflow at hop 3; 104,470 KZT from 1 payers/1 tx. Observed-sample terminal; verify."
100000003770083100,peripheral,0.50,75,0.198698,"0 payers/0 tx in (0 KZT), 0 recipients/0 tx out (0 KZT); no strong role signal. Seed inflow is understated."
100000003781406100,terminal,0.82,12,0.529651,"No captured outflow at hop 3; 45,000 KZT from 1 payers/2 tx. Observed-sample terminal; verify."
100000003782913100,terminal,0.45,14,0.365565,"Hop 4: 200,000 KZT from 1 payers/1 tx, 0 captured recipients; depth-cutoff artifact possible; terminal status unproven."
100000003786516100,terminal,0.45,0,0.332721,"Hop 4: 5,000 KZT from 1 payers/1 tx, 0 captured recipients; depth-cutoff artifact possible; terminal status unproven."
100000003792647100,terminal,0.45,6,0.466633,"Hop 4: 8,000 KZT from 1 payers/1 tx, 0 captured recipients; depth-cutoff artifact possible; terminal status unproven."
100000003795588100,terminal,0.82,0,0.419370,"No captured outflow at hop 3; 400,000 KZT from 1 payers/2 tx. Observed-sample terminal; verify."
100000003796063100,coordinator,0.76,6,0.815788,"Coordination signs: 1 payers/1 tx in, 15 recipients/23 tx out; betweenness p98, 4 seeds within 2 hops. Verify."
100000003798151100,terminal,0.82,3,0.557354,"No captured outflow at hop 2; 350,000 KZT from 1 payers/3 tx. Observed-sample terminal; verify."
100000003809101100,coordinator,0.76,11,0.829372,"Coordination signs: 2 payers/3 tx in, 2 recipients/4 tx out; betweenness p95, 4 seeds within 2 hops. Verify."
100000003814002100,terminal,0.82,6,0.265699,"No captured outflow at hop 3; 30,000 KZT from 1 payers/1 tx. Observed-sample terminal; verify."
100000003819173100,terminal,0.45,4,0.387928,"Hop 4: 143,777 KZT from 1 payers/1 tx, 0 captured recipients; depth-cutoff artifact possible; terminal status unproven."
100000003823811100,coordinator,0.76,19,0.720305,"Coordination signs: 1 payers/1 tx in, 3 recipients/3 tx out; betweenness p94, 7 seeds within 2 hops. Verify."
100000003824464100,terminal,0.82,22,0.462761,"No captured outflow at hop 2; 200,000 KZT from 1 payers/1 tx. Observed-sample terminal; verify."
100000003831201100,terminal,0.82,0,0.541733,"No captured outflow at hop 2; 40,500 KZT from 1 payers/3 tx. Observed-sample terminal; verify."
100000003831324100,terminal,0.82,10,0.562272,"No captured outflow at hop 1; 300,000 KZT from 2 payers/2 tx. Observed-sample terminal; verify."
100000003832231100,terminal,0.82,2,0.391244,"No captured outflow at hop 1; 35,000 KZT from 1 payers/1 tx. Observed-sample terminal; verify."
100000003834495100,consolidator,0.72,0,0.797285,"Consolidation signs: 3 payers/5 tx, 602,441 KZT in; forwarded 3% of recorded inflow; verify."
100000003835149100,peripheral,0.50,23,0.679795,"1 payers/1 tx in (248,500 KZT), 2 recipients/13 tx out (4,600,440 KZT); no strong role signal."
100000003838587100,terminal,0.45,14,0.511226,"Hop 4: 6,000 KZT from 1 payers/1 tx, 0 captured recipients; depth-cutoff artifact possible; terminal status unproven."
100000003843844100,peripheral,0.50,13,0.516121,"1 payers/1 tx in (16,680 KZT), 1 recipients/1 tx out (238,000 KZT); no strong role signal."
100000003854444100,coordinator,0.76,18,0.767256,"Coordination signs: 1 payers/4 tx in, 14 recipients/14 tx out; betweenness p99, 3 seeds within 2 hops. Verify."
100000003865939100,terminal,0.82,68,0.533589,"No captured outflow at hop 1; 81,465 KZT from 1 payers/1 tx. Observed-sample terminal; verify."
100000003873332100,coordinator,0.76,18,0.558979,"Coordination signs: 1 payers/1 tx in, 4 recipients/8 tx out; betweenness p98, 1 seeds within 2 hops. Verify."
100000003877908100,terminal,0.82,2,0.398387,"No captured outflow at hop 1; 40,000 KZT from 1 payers/1 tx. Observed-sample terminal; verify."
100000003880331100,coordinator,0.76,4,0.681676,"Coordination signs: 1 payers/1 tx in, 16 recipients/31 tx out; betweenness p98, 7 seeds within 2 hops. Verify."
100000003886323100,consolidator,0.72,69,0.854417,"Consolidation signs: 2 payers/6 tx, 78,168 KZT in; forwarded 10% of recorded inflow; verify."
100000003888197100,terminal,0.82,6,0.282388,"No captured outflow at hop 3; 83,167 KZT from 1 payers/1 tx. Observed-sample terminal; verify."
100000003888271100,peripheral,0.50,43,0.507176,"1 payers/2 tx in (12,177 KZT), 2 recipients/3 tx out (25,590 KZT); no strong role signal."
100000003888527100,terminal,0.82,41,0.452615,"No captured outflow at hop 3; 30,000 KZT from 1 payers/1 tx. Observed-sample terminal; verify."
100000003896956100,peripheral,0.50,3,0.439152,"1 payers/1 tx in (10,000 KZT), 1 recipients/2 tx out (27,000 KZT); no strong role signal."
100000003899325100,terminal,0.82,4,0.353816,"No captured outflow at hop 3; 50,120 KZT from 1 payers/1 tx. Observed-sample terminal; verify."
100000003899899100,consolidator,0.72,3,0.794148,"Consolidation signs: 2 payers/5 tx, 218,500 KZT in; forwarded 5% of recorded inflow; verify."
100000003900547100,terminal,0.82,3,0.321707,"No captured outflow at hop 1; 23,700 KZT from 1 payers/1 tx. Observed-sample terminal; verify."
100000003904497100,terminal,0.45,5,0.437127,"Hop 4: 10,000 KZT from 1 payers/1 tx, 0 captured recipients; depth-cutoff artifact possible; terminal status unproven."
100000003917461100,peripheral,0.50,12,0.638173,"1 payers/1 tx in (10,000 KZT), 2 recipients/5 tx out (140,000 KZT); no strong role signal."
100000003920950100,terminal,0.82,10,0.462761,"No captured outflow at hop 3; 323,290 KZT from 1 payers/1 tx. Observed-sample terminal; verify."
100000003922499100,terminal,0.82,12,0.542134,"No captured outflow at hop 2; 50,000 KZT from 1 payers/1 tx. Observed-sample terminal; verify."
100000003923946100,distributor,0.66,8,0.693680,"Fan-out signs: 4 recipients/4 tx, 675,000 KZT out; 1 payers/3 tx in. Verify."
100000003927792100,terminal,0.82,15,0.344404,"No captured outflow at hop 2; 13,067 KZT from 1 payers/1 tx. Observed-sample terminal; verify."
100000003934614100,peripheral,0.50,33,0.558089,"2 payers/2 tx in (17,000 KZT), 1 recipients/2 tx out (11,500 KZT); no strong role signal."
100000003942602100,transit,0.68,1,0.405774,"Transit signs: 1 payers/1 tx in, 1 recipients/1 tx out; forwarded 100% of recorded inflow. Verify."
100000003943247100,terminal,0.82,0,0.276780,"No captured outflow at hop 3; 40,000 KZT from 1 payers/1 tx. Observed-sample terminal; verify."
100000003943483100,terminal,0.82,12,0.467768,"No captured outflow at hop 2; 10,000 KZT from 1 payers/1 tx. Observed-sample terminal; verify."
100000003946524100,coordinator,0.76,2,0.792913,"Coordination signs: 2 payers/2 tx in, 2 recipients/2 tx out; betweenness p94, 2 seeds within 2 hops. Verify."
100000003950749100,terminal,0.45,3,0.459290,"Hop 4: 7,000 KZT from 1 payers/1 tx, 0 captured recipients; depth-cutoff artifact possible; terminal status unproven."
100000003951827100,peripheral,0.50,0,0.312339,"1 payers/1 tx in (9,000 KZT), 2 recipients/2 tx out (17,000 KZT); no strong role signal."
100000003962994100,terminal,0.82,38,0.483723,"No captured outflow at hop 3; 10,000 KZT from 1 payers/1 tx. Observed-sample terminal; verify."
100000003964910100,terminal,0.82,16,0.600790,"No captured outflow at hop 3; 1,000,000 KZT from 2 payers/2 tx. Observed-sample terminal; verify."
100000003968044100,distributor,0.66,4,0.554996,"Fan-out signs: 3 recipients/4 tx, 311,000 KZT out; 1 payers/1 tx in. Verify."
100000003970394100,terminal,0.82,12,0.408623,"No captured outflow at hop 1; 85,000 KZT from 1 payers/1 tx. Observed-sample terminal; verify."
100000003971049100,terminal,0.82,0,0.402993,"No captured outflow at hop 2; 55,900 KZT from 1 payers/7 tx. Observed-sample terminal; verify."
100000003975102100,peripheral,0.50,3,0.671573,"1 payers/1 tx in (25,650 KZT), 2 recipients/2 tx out (88,500 KZT); no strong role signal. Seed inflow is understated."
100000003977183100,distributor,0.66,8,0.769003,"Fan-out signs: 4 recipients/6 tx, 766,000 KZT out; 2 payers/2 tx in. Verify. Seed inflow is understated."
100000003980083100,terminal,0.82,67,0.533589,"No captured outflow at hop 1; 30,000 KZT from 1 payers/1 tx. Observed-sample terminal; verify."
100000003985389100,terminal,0.45,4,0.485859,"Hop 4: 422,698 KZT from 1 payers/16 tx, 0 captured recipients; depth-cutoff artifact possible; terminal status unproven."
100000003986141100,terminal,0.82,16,0.267968,"No captured outflow at hop 3; 5,286 KZT from 1 payers/1 tx. Observed-sample terminal; verify."
100000003988112100,peripheral,0.50,19,0.599121,"1 payers/2 tx in (92,000 KZT), 1 recipients/5 tx out (64,000 KZT); no strong role signal."
100000003989033100,terminal,0.45,9,0.519237,"Hop 4: 373,400 KZT from 1 payers/13 tx, 0 captured recipients; depth-cutoff artifact possible; terminal status unproven."
100000003996562100,terminal,0.82,31,0.426980,"No captured outflow at hop 3; 7,700 KZT from 1 payers/1 tx. Observed-sample terminal; verify."
100000004004621100,terminal,0.82,13,0.573008,"No captured outflow at hop 1; 75,389 KZT from 3 payers/3 tx. Observed-sample terminal; verify."
100000004005964100,transit,0.68,24,0.697152,"Transit signs: 3 payers/9 tx in, 3 recipients/5 tx out; forwarded 74% of recorded inflow. Verify."
100000004006327100,terminal,0.45,5,0.511360,"Hop 4: 300,000 KZT from 1 payers/3 tx, 0 captured recipients; depth-cutoff artifact possible; terminal status unproven."
100000004007116100,consolidator,0.62,24,0.850122,"Consolidation signs: 3 payers/24 tx, 764,704 KZT observed in, 4 recipients; seed inflow is understated. Verify."
100000004007197100,terminal,0.82,24,0.317434,"No captured outflow at hop 3; 10,048 KZT from 1 payers/1 tx. Observed-sample terminal; verify."
100000004013952100,terminal,0.45,0,0.498810,"Hop 4: 5,500 KZT from 1 payers/1 tx, 0 captured recipients; depth-cutoff artifact possible; terminal status unproven."
100000004015047100,consolidator,0.72,8,0.935926,"Consolidation signs: 9 payers/18 tx, 919,104 KZT in; forwarded 8% of recorded inflow; verify."
100000004017410100,distributor,0.66,33,0.845806,"Fan-out signs: 5 recipients/11 tx, 1,330,915 KZT out; 2 payers/6 tx in. Verify."
100000004019056100,terminal,0.45,13,0.504951,"Hop 4: 50,000 KZT from 1 payers/1 tx, 0 captured recipients; depth-cutoff artifact possible; terminal status unproven."
100000004019124100,terminal,0.50,3,0.748175,"No captured outflow at hop 0; 193,000 KZT from 3 payers/3 tx. Observed-sample terminal; verify. Seed inflow is understated."
100000004021459100,peripheral,0.50,76,0.198698,"0 payers/0 tx in (0 KZT), 0 recipients/0 tx out (0 KZT); no strong role signal. Seed inflow is understated."
100000004030553100,terminal,0.45,4,0.495071,"Hop 4: 70,000 KZT from 1 payers/1 tx, 0 captured recipients; depth-cutoff artifact possible; terminal status unproven."
100000004035925100,terminal,0.45,63,0.479584,"Hop 4: 1,111,588 KZT from 1 payers/2 tx, 0 captured recipients; depth-cutoff artifact possible; terminal status unproven."
100000004041163100,peripheral,0.50,19,0.800912,"1 payers/1 tx in (50,000 KZT), 2 recipients/6 tx out (866,000 KZT); no strong role signal. Seed inflow is understated."
100000004041294100,terminal,0.45,25,0.372908,"Hop 4: 17,800 KZT from 1 payers/2 tx, 0 captured recipients; depth-cutoff artifact possible; terminal status unproven."
100000004047887100,terminal,0.45,39,0.278382,"Hop 4: 30,000 KZT from 1 payers/1 tx, 0 captured recipients; depth-cutoff artifact possible; terminal status unproven."
100000004049912100,terminal,0.45,18,0.422575,"Hop 4: 10,000 KZT from 1 payers/1 tx, 0 captured recipients; depth-cutoff artifact possible; terminal status unproven."
100000004058740100,terminal,0.82,1,0.364097,"No captured outflow at hop 1; 30,000 KZT from 1 payers/1 tx. Observed-sample terminal; verify."
100000004064431100,peripheral,0.50,24,0.496429,"1 payers/1 tx in (26,000 KZT), 1 recipients/1 tx out (10,000 KZT); no strong role signal."
100000004066370100,terminal,0.45,36,0.517902,"Hop 4: 65,000 KZT from 1 payers/2 tx, 0 captured recipients; depth-cutoff artifact possible; terminal status unproven."
100000004066647100,terminal,0.82,18,0.340866,"No captured outflow at hop 3; 51,000 KZT from 1 payers/1 tx. Observed-sample terminal; verify."
100000004070318100,coordinator,0.76,0,0.839174,"Coordination signs: 4 payers/6 tx in, 19 recipients/37 tx out; betweenness p99, 7 seeds within 2 hops. Verify."
100000004070530100,terminal,0.45,39,0.270505,"Hop 4: 20,000 KZT from 1 payers/1 tx, 0 captured recipients; depth-cutoff artifact possible; terminal status unproven."
100000004071070100,consolidator,0.72,0,0.738262,"Consolidation signs: 2 payers/5 tx, 41,000 KZT in; forwarded 15% of recorded inflow; verify."
100000004071080100,consolidator,0.72,0,0.932310,"Consolidation signs: 9 payers/16 tx, 238,600 KZT in; forwarded 19% of recorded inflow; verify."
100000004071444100,peripheral,0.50,0,0.543558,"1 payers/1 tx in (247,350 KZT), 1 recipients/1 tx out (100,000 KZT); no strong role signal."
100000004076740100,coordinator,0.76,33,0.915576,"Coordination signs: 3 payers/5 tx in, 6 recipients/10 tx out; betweenness p97, 1 seeds within 2 hops. Verify."
100000004077081100,coordinator,0.76,2,0.576202,"Coordination signs: 1 payers/1 tx in, 4 recipients/6 tx out; betweenness p96, 2 seeds within 2 hops. Verify."
100000004094958100,transit,0.68,48,0.638663,"Transit signs: 1 payers/1 tx in, 1 recipients/1 tx out; forwarded 103% of recorded inflow. Verify."
100000004096559100,terminal,0.82,10,0.539931,"No captured outflow at hop 3; 46,200 KZT from 1 payers/1 tx. Observed-sample terminal; verify."
100000004097972100,peripheral,0.50,0,0.590810,"1 payers/1 tx in (118,878 KZT), 2 recipients/2 tx out (10,000 KZT); no strong role signal."
100000004099450100,terminal,0.82,0,0.351547,"No captured outflow at hop 3; 31,000 KZT from 1 payers/1 tx. Observed-sample terminal; verify."
100000004105288100,terminal,0.82,2,0.660492,"No captured outflow at hop 1; 215,000 KZT from 2 payers/2 tx. Observed-sample terminal; verify."
100000004107228100,terminal,0.45,2,0.330518,"Hop 4: 5,000 KZT from 1 payers/1 tx, 0 captured recipients; depth-cutoff artifact possible; terminal status unproven."
100000004114962100,terminal,0.82,6,0.640176,"No captured outflow at hop 3; 165,000 KZT from 2 payers/2 tx. Observed-sample terminal; verify."
100000004130144100,terminal,0.82,10,0.397207,"No captured outflow at hop 1; 200,000 KZT from 1 payers/1 tx. Observed-sample terminal; verify."
100000004134060100,terminal,0.82,4,0.466967,"No captured outflow at hop 2; 88,179 KZT from 1 payers/1 tx. Observed-sample terminal; verify."
100000004135268100,transit,0.68,51,0.856920,"Transit signs: 2 payers/3 tx in, 3 recipients/4 tx out; forwarded 81% of recorded inflow. Verify."
100000004140487100,coordinator,0.76,2,0.567123,"Coordination signs: 1 payers/1 tx in, 10 recipients/19 tx out; betweenness p94, 2 seeds within 2 hops. Verify."
100000004140994100,terminal,0.82,1,0.285325,"No captured outflow at hop 3; 18,650 KZT from 1 payers/1 tx. Observed-sample terminal; verify."
100000004144536100,terminal,0.82,24,0.720594,"No captured outflow at hop 1; 168,000 KZT from 4 payers/6 tx. Observed-sample terminal; verify."
100000004150593100,coordinator,0.76,3,0.672263,"Coordination signs: 1 payers/2 tx in, 11 recipients/16 tx out; betweenness p96, 5 seeds within 2 hops. Verify."
100000004156082100,coordinator,0.76,15,0.972875,"Coordination signs: 5 payers/7 tx in, 26 recipients/29 tx out; betweenness p99, 8 seeds within 2 hops. Verify."
100000004158362100,terminal,0.82,0,0.389219,"No captured outflow at hop 2; 12,000 KZT from 1 payers/1 tx. Observed-sample terminal; verify."
100000004159526100,coordinator,0.76,14,0.938195,"Coordination signs: 4 payers/4 tx in, 4 recipients/6 tx out; betweenness p94, 2 seeds within 2 hops. Verify."
100000004160650100,distributor,0.66,24,0.774310,"Fan-out signs: 10 recipients/40 tx, 1,489,827 KZT out; 2 payers/4 tx in. Verify."
100000004167082100,terminal,0.45,13,0.501146,"Hop 4: 13,300 KZT from 1 payers/1 tx, 0 captured recipients; depth-cutoff artifact possible; terminal status unproven."
100000004174835100,peripheral,0.50,77,0.198698,"0 payers/0 tx in (0 KZT), 0 recipients/0 tx out (0 KZT); no strong role signal. Seed inflow is understated."
100000004177936100,terminal,0.45,4,0.433122,"Hop 4: 10,000 KZT from 1 payers/1 tx, 0 captured recipients; depth-cutoff artifact possible; terminal status unproven."
100000004180097100,coordinator,0.76,0,0.914731,"Coordination signs: 3 payers/5 tx in, 3 recipients/7 tx out; betweenness p97, 1 seeds within 2 hops. Verify."
100000004183610100,peripheral,0.50,13,0.667334,"1 payers/1 tx in (22,000 KZT), 1 recipients/3 tx out (915,000 KZT); no strong role signal."
100000004184158100,terminal,0.82,0,0.382521,"No captured outflow at hop 3; 203,805 KZT from 1 payers/1 tx. Observed-sample terminal; verify."
100000004185681100,terminal,0.82,2,0.500812,"No captured outflow at hop 3; 10,000 KZT from 1 payers/1 tx. Observed-sample terminal; verify."
100000004186824100,consolidator,0.72,3,0.784646,"Consolidation signs: 2 payers/7 tx, 451,700 KZT in; forwarded 2% of recorded inflow; verify."
100000004188160100,coordinator,0.76,3,0.751747,"Coordination signs: 2 payers/5 tx in, 5 recipients/6 tx out; betweenness p99, 3 seeds within 2 hops. Verify."
100000004192107100,terminal,0.82,2,0.405952,"No captured outflow at hop 2; 25,000 KZT from 1 payers/1 tx. Observed-sample terminal; verify."
100000004192865100,terminal,0.82,28,0.553082,"No captured outflow at hop 2; 66,666 KZT from 1 payers/1 tx. Observed-sample terminal; verify."
100000004193835100,peripheral,0.50,3,0.696373,"1 payers/1 tx in (47,000 KZT), 1 recipients/1 tx out (5,000 KZT); no strong role signal. Seed inflow is understated."
100000004200745100,terminal,0.45,12,0.519637,"Hop 4: 130,000 KZT from 1 payers/4 tx, 0 captured recipients; depth-cutoff artifact possible; terminal status unproven."
100000004206046100,terminal,0.82,3,0.308356,"No captured outflow at hop 1; 11,075 KZT from 1 payers/1 tx. Observed-sample terminal; verify."
100000004209339100,peripheral,0.50,11,0.748765,"1 payers/6 tx in (138,500 KZT), 2 recipients/11 tx out (238,500 KZT); no strong role signal."
100000004213658100,terminal,0.82,1,0.355619,"No captured outflow at hop 1; 25,347 KZT from 1 payers/1 tx. Observed-sample terminal; verify."
100000004217419100,consolidator,0.72,4,0.786271,"Consolidation signs: 2 payers/3 tx, 118,200 KZT in; forwarded 7% of recorded inflow; verify."
100000004218576100,terminal,0.82,1,0.357154,"No captured outflow at hop 1; 26,144 KZT from 1 payers/1 tx. Observed-sample terminal; verify."
100000004221668100,distributor,0.66,8,0.896206,"Fan-out signs: 3 recipients/10 tx, 731,440 KZT out; 4 payers/8 tx in. Verify."
100000004222274100,terminal,0.45,0,0.506286,"Hop 4: 15,500 KZT from 1 payers/1 tx, 0 captured recipients; depth-cutoff artifact possible; terminal status unproven."
100000004225615100,terminal,0.82,17,0.380852,"No captured outflow at hop 2; 90,000 KZT from 1 payers/2 tx. Observed-sample terminal; verify."
100000004226848100,terminal,0.82,2,0.502859,"No captured outflow at hop 1; 301,866 KZT from 1 payers/1 tx. Observed-sample terminal; verify."
100000004232712100,terminal,0.45,6,0.492802,"Hop 4: 12,500 KZT from 1 payers/1 tx, 0 captured recipients; depth-cutoff artifact possible; terminal status unproven."
100000004235471100,terminal,0.45,6,0.442067,"Hop 4: 180,000 KZT from 1 payers/1 tx, 0 captured recipients; depth-cutoff artifact possible; terminal status unproven."
100000004241142100,terminal,0.45,0,0.494003,"Hop 4: 27,102 KZT from 1 payers/1 tx, 0 captured recipients; depth-cutoff artifact possible; terminal status unproven."
100000004254434100,terminal,0.82,1,0.386193,"No captured outflow at hop 1; 44,445 KZT from 1 payers/2 tx. Observed-sample terminal; verify."
100000004257714100,terminal,0.82,1,0.337661,"No captured outflow at hop 3; 52,220 KZT from 1 payers/1 tx. Observed-sample terminal; verify."
100000004260869100,terminal,0.45,3,0.535125,"Hop 4: 10,000 KZT from 1 payers/1 tx, 0 captured recipients; depth-cutoff artifact possible; terminal status unproven."
100000004261340100,terminal,0.45,0,0.482855,"Hop 4: 48,500 KZT from 1 payers/4 tx, 0 captured recipients; depth-cutoff artifact possible; terminal status unproven."
100000004263867100,terminal,0.45,7,0.309023,"Hop 4: 9,000 KZT from 1 payers/1 tx, 0 captured recipients; depth-cutoff artifact possible; terminal status unproven."
100000004265639100,terminal,0.45,4,0.510291,"Hop 4: 10,000 KZT from 1 payers/1 tx, 0 captured recipients; depth-cutoff artifact possible; terminal status unproven."
100000004268036100,terminal,0.45,7,0.286126,"Hop 4: 5,500 KZT from 1 payers/1 tx, 0 captured recipients; depth-cutoff artifact possible; terminal status unproven."
100000004269433100,peripheral,0.50,15,0.268102,"0 payers/0 tx in (0 KZT), 1 recipients/67 tx out (1,372,000 KZT); no strong role signal. Seed inflow is understated."
100000004272302100,terminal,0.45,46,0.276113,"Hop 4: 10,000 KZT from 1 payers/1 tx, 0 captured recipients; depth-cutoff artifact possible; terminal status unproven."
100000004278574100,peripheral,0.50,6,0.416121,"1 payers/1 tx in (25,000 KZT), 1 recipients/1 tx out (12,500 KZT); no strong role signal."
100000004285800100,peripheral,0.50,0,0.521595,"1 payers/1 tx in (5,000 KZT), 1 recipients/1 tx out (15,000 KZT); no strong role signal."
100000004286573100,terminal,0.82,12,0.325178,"No captured outflow at hop 1; 16,590 KZT from 1 payers/1 tx. Observed-sample terminal; verify."
100000004291560100,terminal,0.82,0,0.281053,"No captured outflow at hop 3; 47,190 KZT from 1 payers/1 tx. Observed-sample terminal; verify."
100000004291663100,terminal,0.45,0,0.461471,"Hop 4: 25,000 KZT from 1 payers/1 tx, 0 captured recipients; depth-cutoff artifact possible; terminal status unproven."
100000004292885100,terminal,0.82,1,0.380518,"No captured outflow at hop 3; 112,700 KZT from 1 payers/1 tx. Observed-sample terminal; verify."
100000004299488100,consolidator,0.72,0,0.905396,"Consolidation signs: 6 payers/22 tx, 1,749,000 KZT in; forwarded 20% of recorded inflow; verify."
100000004315838100,consolidator,0.72,2,0.660013,"Consolidation signs: 2 payers/2 tx, 50,000 KZT in; forwarded 36% of recorded inflow; verify."
100000004318918100,terminal,0.82,11,0.418480,"No captured outflow at hop 1; 75,600 KZT from 1 payers/1 tx. Observed-sample terminal; verify."
100000004321983100,peripheral,0.50,8,0.575912,"1 payers/1 tx in (10,840 KZT), 2 recipients/3 tx out (36,200 KZT); no strong role signal."
100000004325327100,transit,0.68,0,0.672408,"Transit signs: 2 payers/3 tx in, 1 recipients/1 tx out; forwarded 99% of recorded inflow. Verify."
100000004326224100,terminal,0.45,6,0.500545,"Hop 4: 60,000 KZT from 1 payers/1 tx, 0 captured recipients; depth-cutoff artifact possible; terminal status unproven."
100000004330371100,coordinator,0.76,3,0.899789,"Coordination signs: 2 payers/12 tx in, 2 recipients/6 tx out; betweenness p97, 1 seeds within 2 hops. Verify."
100000004331458100,terminal,0.82,48,0.698053,"No captured outflow at hop 2; 250,000 KZT from 2 payers/2 tx. Observed-sample terminal; verify."
100000004336228100,terminal,0.82,4,0.350879,"No captured outflow at hop 3; 51,407 KZT from 1 payers/2 tx. Observed-sample terminal; verify."
100000004336312100,transit,0.68,33,0.856642,"Transit signs: 3 payers/7 tx in, 2 recipients/3 tx out; forwarded 80% of recorded inflow. Verify."
100000004340038100,peripheral,0.50,13,0.491021,"1 payers/1 tx in (9,978 KZT), 1 recipients/1 tx out (49,000 KZT); no strong role signal."
100000004350094100,terminal,0.45,18,0.538062,"Hop 4: 20,000 KZT from 1 payers/1 tx, 0 captured recipients; depth-cutoff artifact possible; terminal status unproven."
100000004351795100,coordinator,0.76,0,0.827281,"Coordination signs: 3 payers/3 tx in, 14 recipients/37 tx out; betweenness p99, 4 seeds within 2 hops. Verify."
100000004356593100,peripheral,0.50,2,0.550278,"1 payers/1 tx in (50,000 KZT), 1 recipients/1 tx out (10,000 KZT); no strong role signal."
100000004358004100,distributor,0.66,2,0.289419,"Fan-out signs: 11 recipients/17 tx, 980,850 KZT out; 0 payers/0 tx in. Verify. Seed inflow is understated."
100000004360785100,terminal,0.82,3,0.390999,"No captured outflow at hop 1; 94,705 KZT from 1 payers/1 tx. Observed-sample terminal; verify."
100000004368189100,peripheral,0.50,9,0.537283,"1 payers/1 tx in (384,600 KZT), 2 recipients/2 tx out (28,200 KZT); no strong role signal."
100000004377043100,terminal,0.45,27,0.450478,"Hop 4: 5,700 KZT from 1 payers/1 tx, 0 captured recipients; depth-cutoff artifact possible; terminal status unproven."
100000004379306100,terminal,0.45,4,0.497474,"Hop 4: 15,000 KZT from 1 payers/1 tx, 0 captured recipients; depth-cutoff artifact possible; terminal status unproven."
100000004386258100,coordinator,0.76,12,0.893013,"Coordination signs: 3 payers/3 tx in, 3 recipients/3 tx out; betweenness p94, 2 seeds within 2 hops. Verify."
100000004386286100,terminal,0.45,12,0.518836,"Hop 4: 12,500 KZT from 1 payers/1 tx, 0 captured recipients; depth-cutoff artifact possible; terminal status unproven."
100000004386331100,transit,0.68,12,0.661471,"Transit signs: 1 payers/1 tx in, 2 recipients/2 tx out; forwarded 88% of recorded inflow. Verify."
100000004388209100,terminal,0.82,1,0.320372,"No captured outflow at hop 1; 11,800 KZT from 1 payers/1 tx. Observed-sample terminal; verify."
100000004388353100,terminal,0.82,11,0.610981,"No captured outflow at hop 1; 62,960 KZT from 2 payers/2 tx. Observed-sample terminal; verify."
100000004388983100,peripheral,0.50,64,0.250545,"0 payers/0 tx in (0 KZT), 2 recipients/23 tx out (450,816 KZT); no strong role signal. Seed inflow is understated."
100000004390333100,coordinator,0.76,0,0.735481,"Coordination signs: 2 payers/2 tx in, 9 recipients/14 tx out; betweenness p95, 3 seeds within 2 hops. Verify."
100000004394765100,consolidator,0.72,3,0.852081,"Consolidation signs: 3 payers/10 tx, 603,844 KZT in; forwarded 14% of recorded inflow; verify."
100000004398811100,distributor,0.66,2,0.660659,"Fan-out signs: 3 recipients/4 tx, 1,040,672 KZT out; 1 payers/1 tx in. Verify."
100000004399686100,terminal,0.82,23,0.514831,"No captured outflow at hop 3; 806,000 KZT from 1 payers/2 tx. Observed-sample terminal; verify."
100000004400305100,coordinator,0.76,0,0.899510,"Coordination signs: 7 payers/9 tx in, 82 recipients/101 tx out; betweenness p99, 6 seeds within 2 hops. Verify."
100000004400361100,terminal,0.82,3,0.333700,"No captured outflow at hop 2; 10,000 KZT from 1 payers/1 tx. Observed-sample terminal; verify."
100000004400480100,terminal,0.45,9,0.483990,"Hop 4: 21,700 KZT from 1 payers/1 tx, 0 captured recipients; depth-cutoff artifact possible; terminal status unproven."
100000004403548100,terminal,0.45,4,0.453549,"Hop 4: 5,000 KZT from 1 payers/1 tx, 0 captured recipients; depth-cutoff artifact possible; terminal status unproven."
100000004403641100,terminal,0.45,9,0.371039,"Hop 4: 171,500 KZT from 1 payers/1 tx, 0 captured recipients; depth-cutoff artifact possible; terminal status unproven."
100000004403675100,coordinator,0.76,19,0.960358,"Coordination signs: 4 payers/8 tx in, 5 recipients/6 tx out; betweenness p99, 7 seeds within 2 hops. Verify."
100000004407753100,peripheral,0.50,27,0.578405,"1 payers/4 tx in (250,000 KZT), 1 recipients/1 tx out (100,000 KZT); no strong role signal."
100000004408683100,terminal,0.82,3,0.612873,"No captured outflow at hop 1; 112,920 KZT from 2 payers/3 tx. Observed-sample terminal; verify."
100000004410489100,terminal,0.82,0,0.469348,"No captured outflow at hop 2; 54,000 KZT from 1 payers/1 tx. Observed-sample terminal; verify."
100000004417753100,terminal,0.82,2,0.616611,"No captured outflow at hop 3; 192,099 KZT from 2 payers/2 tx. Observed-sample terminal; verify."
100000004418967100,terminal,0.45,5,0.478783,"Hop 4: 100,000 KZT from 1 payers/1 tx, 0 captured recipients; depth-cutoff artifact possible; terminal status unproven."
100000004420041100,coordinator,0.76,12,0.637617,"Coordination signs: 1 payers/1 tx in, 7 recipients/11 tx out; betweenness p95, 2 seeds within 2 hops. Verify."
100000004424023100,peripheral,0.50,9,0.743102,"1 payers/1 tx in (50,000 KZT), 1 recipients/1 tx out (100,000 KZT); no strong role signal."
100000004433250100,terminal,0.45,0,0.388930,"Hop 4: 8,000 KZT from 1 payers/1 tx, 0 captured recipients; depth-cutoff artifact possible; terminal status unproven."
100000004435304100,terminal,0.82,1,0.383522,"No captured outflow at hop 2; 26,200 KZT from 1 payers/1 tx. Observed-sample terminal; verify."
100000004441291100,terminal,0.82,2,0.550011,"No captured outflow at hop 2; 20,000 KZT from 1 payers/1 tx. Observed-sample terminal; verify."
100000004445291100,terminal,0.82,25,0.415498,"No captured outflow at hop 3; 19,500 KZT from 1 payers/2 tx. Observed-sample terminal; verify."
100000004449824100,terminal,0.45,7,0.309023,"Hop 4: 9,000 KZT from 1 payers/1 tx, 0 captured recipients; depth-cutoff artifact possible; terminal status unproven."
100000004450649100,consolidator,0.72,6,0.726357,"Consolidation signs: 2 payers/2 tx, 192,528 KZT in; forwarded 24% of recorded inflow; verify."
100000004451012100,transit,0.68,18,0.565554,"Transit signs: 1 payers/1 tx in, 3 recipients/3 tx out; forwarded 72% of recorded inflow. Verify."
100000004456564100,terminal,0.82,14,0.504551,"No captured outflow at hop 2; 10,000 KZT from 1 payers/2 tx. Observed-sample terminal; verify."
100000004463277100,terminal,0.82,28,0.569103,"No captured outflow at hop 2; 35,000 KZT from 1 payers/1 tx. Observed-sample terminal; verify."
100000004467157100,peripheral,0.50,33,0.543358,"1 payers/3 tx in (20,000 KZT), 1 recipients/1 tx out (7,000 KZT); no strong role signal."
100000004472936100,terminal,0.45,13,0.497074,"Hop 4: 5,000 KZT from 1 payers/1 tx, 0 captured recipients; depth-cutoff artifact possible; terminal status unproven."
100000004475818100,distributor,0.66,6,0.600300,"Fan-out signs: 3 recipients/3 tx, 53,989 KZT out; 1 payers/1 tx in. Verify."
100000004479404100,consolidator,0.72,44,0.899477,"Consolidation signs: 2 payers/8 tx, 1,492,000 KZT in; forwarded 20% of recorded inflow; verify."
100000004480280100,peripheral,0.50,2,0.659223,"1 payers/1 tx in (146,694 KZT), 2 recipients/7 tx out (295,850 KZT); no strong role signal."
100000004486525100,transit,0.68,0,0.904539,"Transit signs: 8 payers/21 tx in, 2 recipients/3 tx out; forwarded 75% of recorded inflow. Verify."
100000004488265100,terminal,0.82,4,0.335125,"No captured outflow at hop 3; 38,740 KZT from 1 payers/1 tx. Observed-sample terminal; verify."
100000004491749100,terminal,0.82,8,0.443135,"No captured outflow at hop 3; 50,000 KZT from 1 payers/1 tx. Observed-sample terminal; verify."
100000004491881100,terminal,0.82,1,0.336593,"No captured outflow at hop 1; 17,144 KZT from 1 payers/1 tx. Observed-sample terminal; verify."
100000004493586100,terminal,0.82,0,0.287862,"No captured outflow at hop 3; 7,500 KZT from 1 payers/1 tx. Observed-sample terminal; verify."
100000004494983100,terminal,0.82,1,0.372308,"No captured outflow at hop 1; 35,000 KZT from 1 payers/1 tx. Observed-sample terminal; verify."
100000004497606100,terminal,0.82,1,0.332588,"No captured outflow at hop 1; 15,534 KZT from 1 payers/1 tx. Observed-sample terminal; verify."
100000004500444100,consolidator,0.72,14,0.749021,"Consolidation signs: 2 payers/7 tx, 180,000 KZT in; forwarded 41% of recorded inflow; verify."
100000004500781100,terminal,0.45,14,0.526847,"Hop 4: 74,000 KZT from 1 payers/5 tx, 0 captured recipients; depth-cutoff artifact possible; terminal status unproven."
100000004502048100,terminal,0.45,18,0.435926,"Hop 4: 13,888 KZT from 1 payers/1 tx, 0 captured recipients; depth-cutoff artifact possible; terminal status unproven."
100000004508696100,distributor,0.66,38,0.658233,"Fan-out signs: 3 recipients/4 tx, 111,000 KZT out; 1 payers/1 tx in. Verify."
100000004509286100,terminal,0.82,2,0.398387,"No captured outflow at hop 1; 40,000 KZT from 1 payers/1 tx. Observed-sample terminal; verify."
100000004526651100,terminal,0.45,5,0.304684,"Hop 4: 33,000 KZT from 1 payers/1 tx, 0 captured recipients; depth-cutoff artifact possible; terminal status unproven."
100000004527381100,coordinator,0.76,15,0.710536,"Coordination signs: 1 payers/1 tx in, 1 recipients/1 tx out; betweenness p97, 2 seeds within 2 hops. Verify."
100000004539443100,terminal,0.82,2,0.650857,"No captured outflow at hop 3; 61,990 KZT from 2 payers/2 tx. Observed-sample terminal; verify."
100000004544958100,peripheral,0.50,11,0.758445,"1 payers/3 tx in (168,000 KZT), 2 recipients/2 tx out (23,200 KZT); no strong role signal."
100000004549591100,terminal,0.45,38,0.477448,"Hop 4: 49,000 KZT from 1 payers/1 tx, 0 captured recipients; depth-cutoff artifact possible; terminal status unproven."
100000004552204100,peripheral,0.50,32,0.707933,"1 payers/2 tx in (22,500 KZT), 2 recipients/2 tx out (10,000 KZT); no strong role signal."
100000004553349100,terminal,0.82,6,0.368903,"No captured outflow at hop 3; 7,755 KZT from 1 payers/1 tx. Observed-sample terminal; verify."
100000004559194100,terminal,0.82,3,0.451480,"No captured outflow at hop 1; 282,145 KZT from 1 payers/6 tx. Observed-sample terminal; verify."
100000004564736100,terminal,0.82,22,0.457154,"No captured outflow at hop 3; 15,000 KZT from 1 payers/2 tx. Observed-sample terminal; verify."
100000004569484100,coordinator,0.76,7,0.784746,"Coordination signs: 2 payers/3 tx in, 4 recipients/4 tx out; betweenness p100, 1 seeds within 2 hops. Verify."
100000004569637100,terminal,0.45,4,0.510692,"Hop 4: 5,500 KZT from 1 payers/1 tx, 0 captured recipients; depth-cutoff artifact possible; terminal status unproven."
100000004571634100,terminal,0.45,11,0.455151,"Hop 4: 20,000 KZT from 1 payers/1 tx, 0 captured recipients; depth-cutoff artifact possible; terminal status unproven."
100000004573782100,terminal,0.82,10,0.437862,"No captured outflow at hop 2; 15,000 KZT from 1 payers/1 tx. Observed-sample terminal; verify."
100000004580202100,distributor,0.66,22,0.654684,"Fan-out signs: 3 recipients/4 tx, 45,000 KZT out; 1 payers/1 tx in. Verify."
100000004580254100,terminal,0.82,16,0.513206,"No captured outflow at hop 3; 27,940 KZT from 2 payers/2 tx. Observed-sample terminal; verify."
100000004584730100,terminal,0.45,44,0.383055,"Hop 4: 47,000 KZT from 1 payers/1 tx, 0 captured recipients; depth-cutoff artifact possible; terminal status unproven."
100000004586598100,terminal,0.45,66,0.503749,"Hop 4: 761,255 KZT from 1 payers/4 tx, 0 captured recipients; depth-cutoff artifact possible; terminal status unproven."
100000004587414100,terminal,0.82,6,0.520283,"No captured outflow at hop 3; 533,603 KZT from 2 payers/2 tx. Observed-sample terminal; verify."
100000004588479100,terminal,0.82,3,0.425579,"No captured outflow at hop 1; 177,633 KZT from 1 payers/2 tx. Observed-sample terminal; verify."
100000004591973100,peripheral,0.50,12,0.628282,"1 payers/1 tx in (10,000 KZT), 1 recipients/1 tx out (100,000 KZT); no strong role signal."
100000004592467100,terminal,0.82,2,0.328494,"No captured outflow at hop 2; 7,000 KZT from 1 payers/1 tx. Observed-sample terminal; verify."
100000004596284100,terminal,0.45,3,0.518169,"Hop 4: 30,000 KZT from 1 payers/1 tx, 0 captured recipients; depth-cutoff artifact possible; terminal status unproven."
100000004601193100,terminal,0.45,11,0.519771,"Hop 4: 84,000 KZT from 1 payers/3 tx, 0 captured recipients; depth-cutoff artifact possible; terminal status unproven."
100000004603109100,consolidator,0.72,23,0.833389,"Consolidation signs: 3 payers/8 tx, 2,730,000 KZT in; forwarded 15% of recorded inflow; verify."
100000004610802100,terminal,0.45,58,0.482121,"Hop 4: 241,000 KZT from 1 payers/18 tx, 0 captured recipients; depth-cutoff artifact possible; terminal status unproven."
100000004611571100,terminal,0.82,0,0.267835,"No captured outflow at hop 3; 22,550 KZT from 1 payers/1 tx. Observed-sample terminal; verify."
100000004613582100,peripheral,0.50,10,0.646874,"1 payers/1 tx in (5,000 KZT), 1 recipients/1 tx out (9,500 KZT); no strong role signal."
100000004616845100,terminal,0.45,55,0.290799,"Hop 4: 20,200 KZT from 1 payers/2 tx, 0 captured recipients; depth-cutoff artifact possible; terminal status unproven."
100000004622227100,transit,0.68,0,0.406153,"Transit signs: 1 payers/1 tx in, 3 recipients/3 tx out; forwarded 76% of recorded inflow. Verify."
100000004629688100,peripheral,0.50,15,0.502437,"1 payers/1 tx in (5,000 KZT), 1 recipients/2 tx out (15,000 KZT); no strong role signal."
100000004634420100,terminal,0.82,1,0.301613,"No captured outflow at hop 3; 26,150 KZT from 1 payers/1 tx. Observed-sample terminal; verify."
100000004635886100,terminal,0.82,3,0.328049,"No captured outflow at hop 3; 23,000 KZT from 1 payers/1 tx. Observed-sample terminal; verify."
100000004644615100,peripheral,0.50,9,0.606253,"1 payers/1 tx in (50,810 KZT), 2 recipients/14 tx out (379,665 KZT); no strong role signal."
100000004652395100,terminal,0.45,0,0.626302,"Hop 4: 101,528 KZT from 3 payers/5 tx, 0 captured recipients; depth-cutoff artifact possible; terminal status unproven."
100000004655046100,terminal,0.45,7,0.512294,"Hop 4: 24,000 KZT from 1 payers/1 tx, 0 captured recipients; depth-cutoff artifact possible; terminal status unproven."
100000004657034100,terminal,0.82,6,0.307087,"No captured outflow at hop 3; 141,250 KZT from 1 payers/1 tx. Observed-sample terminal; verify."
100000004659919100,peripheral,0.50,50,0.696573,"1 payers/2 tx in (110,000 KZT), 1 recipients/1 tx out (39,000 KZT); no strong role signal."
100000004662806100,peripheral,0.50,12,0.720449,"2 payers/2 tx in (106,585 KZT), 2 recipients/3 tx out (59,900 KZT); no strong role signal."
100000004664515100,terminal,0.82,0,0.370705,"No captured outflow at hop 1; 37,691 KZT from 1 payers/1 tx. Observed-sample terminal; verify."
100000004664905100,terminal,0.82,3,0.622753,"No captured outflow at hop 1; 329,020 KZT from 2 payers/4 tx. Observed-sample terminal; verify."
100000004666651100,terminal,0.82,65,0.520372,"No captured outflow at hop 2; 429,250 KZT from 1 payers/1 tx. Observed-sample terminal; verify."
100000004670388100,peripheral,0.50,49,0.658923,"1 payers/1 tx in (160,354 KZT), 2 recipients/4 tx out (720,000 KZT); no strong role signal."
100000004671609100,terminal,0.82,9,0.369704,"No captured outflow at hop 3; 100,000 KZT from 1 payers/1 tx. Observed-sample terminal; verify."
100000004673335100,terminal,0.45,29,0.486259,"Hop 4: 80,000 KZT from 1 payers/1 tx, 0 captured recipients; depth-cutoff artifact possible; terminal status unproven."
100000004674178100,terminal,0.45,25,0.379183,"Hop 4: 20,000 KZT from 1 payers/1 tx, 0 captured recipients; depth-cutoff artifact possible; terminal status unproven."
100000004674389100,terminal,0.45,11,0.443803,"Hop 4: 15,000 KZT from 1 payers/1 tx, 0 captured recipients; depth-cutoff artifact possible; terminal status unproven."
100000004674412100,terminal,0.45,11,0.485325,"Hop 4: 46,000 KZT from 1 payers/1 tx, 0 captured recipients; depth-cutoff artifact possible; terminal status unproven."
100000004674799100,terminal,0.82,0,0.574043,"No captured outflow at hop 2; 140,000 KZT from 1 payers/5 tx. Observed-sample terminal; verify."
100000004676985100,transit,0.68,0,0.425134,"Transit signs: 1 payers/1 tx in, 1 recipients/1 tx out; forwarded 84% of recorded inflow. Verify."
100000004677680100,peripheral,0.50,11,0.889664,"2 payers/2 tx in (63,000 KZT), 1 recipients/3 tx out (168,000 KZT); no strong role signal."
100000004679953100,coordinator,0.76,4,0.811348,"Coordination signs: 3 payers/3 tx in, 3 recipients/3 tx out; betweenness p97, 1 seeds within 2 hops. Verify."
100000004687099100,terminal,0.82,10,0.472575,"No captured outflow at hop 2; 30,000 KZT from 1 payers/1 tx. Observed-sample terminal; verify."
100000004687282100,terminal,0.82,3,0.498832,"No captured outflow at hop 2; 20,000 KZT from 1 payers/1 tx. Observed-sample terminal; verify."
100000004689658100,peripheral,0.50,4,0.612583,"1 payers/1 tx in (456,100 KZT), 1 recipients/1 tx out (7,092 KZT); no strong role signal."
100000004691350100,terminal,0.45,49,0.537261,"Hop 4: 13,300 KZT from 1 payers/1 tx, 0 captured recipients; depth-cutoff artifact possible; terminal status unproven."
100000004692798100,consolidator,0.72,12,0.837839,"Consolidation signs: 2 payers/4 tx, 240,305 KZT in; forwarded 6% of recorded inflow; verify."
100000004697956100,transit,0.68,8,0.522597,"Transit signs: 1 payers/1 tx in, 1 recipients/1 tx out; forwarded 100% of recorded inflow. Verify."
100000004698193100,consolidator,0.72,8,0.844660,"Consolidation signs: 2 payers/15 tx, 222,700 KZT in; forwarded 17% of recorded inflow; verify."
100000004707703100,coordinator,0.76,3,0.912305,"Coordination signs: 2 payers/3 tx in, 5 recipients/6 tx out; betweenness p94, 6 seeds within 2 hops. Verify."
100000004713684100,terminal,0.82,0,0.275846,"No captured outflow at hop 3; 37,500 KZT from 1 payers/1 tx. Observed-sample terminal; verify."
100000004714705100,peripheral,0.50,19,0.268102,"0 payers/0 tx in (0 KZT), 1 recipients/1 tx out (36,550 KZT); no strong role signal. Seed inflow is understated."
100000004715209100,distributor,0.66,5,0.473531,"Fan-out signs: 5 recipients/17 tx, 350,450 KZT out; 1 payers/1 tx in. Verify."
100000004717647100,distributor,0.66,44,0.739486,"Fan-out signs: 5 recipients/10 tx, 2,240,000 KZT out; 1 payers/2 tx in. Verify."
100000004722630100,terminal,0.45,49,0.486126,"Hop 4: 340,000 KZT from 1 payers/2 tx, 0 captured recipients; depth-cutoff artifact possible; terminal status unproven."
100000004722765100,distributor,0.66,46,0.709246,"Fan-out signs: 3 recipients/9 tx, 2,284,500 KZT out; 1 payers/1 tx in. Verify."
100000004723755100,peripheral,0.50,2,0.261449,"0 payers/0 tx in (0 KZT), 1 recipients/5 tx out (95,000 KZT); no strong role signal. Seed inflow is understated."
100000004726132100,peripheral,0.50,0,0.563318,"1 payers/1 tx in (349,000 KZT), 1 recipients/2 tx out (24,000 KZT); no strong role signal."
100000004732589100,terminal,0.82,7,0.505151,"No captured outflow at hop 2; 227,520 KZT from 1 payers/1 tx. Observed-sample terminal; verify."
100000004737477100,transit,0.68,0,0.632521,"Transit signs: 2 payers/3 tx in, 1 recipients/3 tx out; forwarded 82% of recorded inflow. Verify."
100000004737764100,terminal,0.82,2,0.526580,"No captured outflow at hop 3; 600,000 KZT from 1 payers/1 tx. Observed-sample terminal; verify."
100000004739664100,transit,0.68,1,0.462739,"Transit signs: 1 payers/1 tx in, 1 recipients/1 tx out; forwarded 83% of recorded inflow. Verify."
100000004741837100,terminal,0.82,3,0.325045,"No captured outflow at hop 1; 25,596 KZT from 1 payers/1 tx. Observed-sample terminal; verify."
100000004744306100,peripheral,0.50,19,0.733467,"1 payers/1 tx in (69,000 KZT), 2 recipients/3 tx out (92,000 KZT); no strong role signal."
100000004746397100,coordinator,0.76,6,0.522463,"Coordination signs: 1 payers/1 tx in, 1 recipients/1 tx out; betweenness p97, 0 seeds within 2 hops. Verify."
100000004747154100,terminal,0.45,5,0.429784,"Hop 4: 67,000 KZT from 1 payers/1 tx, 0 captured recipients; depth-cutoff artifact possible; terminal status unproven."
100000004750321100,terminal,0.82,7,0.513874,"No captured outflow at hop 3; 50,185 KZT from 2 payers/2 tx. Observed-sample terminal; verify."
100000004750897100,terminal,0.82,15,0.485458,"No captured outflow at hop 3; 10,000 KZT from 1 payers/1 tx. Observed-sample terminal; verify."
100000004756901100,terminal,0.82,3,0.461204,"No captured outflow at hop 2; 153,248 KZT from 1 payers/1 tx. Observed-sample terminal; verify."
100000004759121100,consolidator,0.72,0,0.922575,"Consolidation signs: 6 payers/10 tx, 710,000 KZT in; forwarded 44% of recorded inflow; verify."
100000004765639100,peripheral,0.50,0,0.542980,"1 payers/1 tx in (5,000 KZT), 2 recipients/2 tx out (11,000 KZT); no strong role signal."
100000004770073100,transit,0.68,0,0.429139,"Transit signs: 1 payers/1 tx in, 1 recipients/1 tx out; forwarded 100% of recorded inflow. Verify."
100000004777215100,terminal,0.45,21,0.480118,"Hop 4: 60,000 KZT from 1 payers/1 tx, 0 captured recipients; depth-cutoff artifact possible; terminal status unproven."
100000004779204100,peripheral,0.50,0,0.424332,"1 payers/1 tx in (30,450 KZT), 1 recipients/2 tx out (20,000 KZT); no strong role signal."
100000004780083100,terminal,0.45,58,0.334724,"Hop 4: 9,999 KZT from 1 payers/1 tx, 0 captured recipients; depth-cutoff artifact possible; terminal status unproven."
100000004780327100,terminal,0.45,7,0.323776,"Hop 4: 12,000 KZT from 1 payers/1 tx, 0 captured recipients; depth-cutoff artifact possible; terminal status unproven."
100000004783447100,terminal,0.82,1,0.357354,"No captured outflow at hop 1; 26,200 KZT from 1 payers/1 tx. Observed-sample terminal; verify."
100000004784224100,peripheral,0.50,23,0.560692,"1 payers/2 tx in (23,500 KZT), 1 recipients/1 tx out (100,000 KZT); no strong role signal."
100000004788983100,terminal,0.45,0,0.453950,"Hop 4: 27,000 KZT from 1 payers/1 tx, 0 captured recipients; depth-cutoff artifact possible; terminal status unproven."
100000004790991100,terminal,0.82,3,0.440799,"No captured outflow at hop 1; 239,413 KZT from 1 payers/4 tx. Observed-sample terminal; verify."
100000004791226100,terminal,0.45,0,0.505218,"Hop 4: 20,000 KZT from 1 payers/1 tx, 0 captured recipients; depth-cutoff artifact possible; terminal status unproven."
100000004792397100,terminal,0.82,1,0.414898,"No captured outflow at hop 1; 73,520 KZT from 1 payers/1 tx. Observed-sample terminal; verify."
100000004797167100,terminal,0.45,4,0.509624,"Hop 4: 31,000 KZT from 1 payers/1 tx, 0 captured recipients; depth-cutoff artifact possible; terminal status unproven."
100000004798515100,terminal,0.45,12,0.451012,"Hop 4: 200,000 KZT from 1 payers/2 tx, 0 captured recipients; depth-cutoff artifact possible; terminal status unproven."
100000004800452100,terminal,0.45,6,0.520438,"Hop 4: 6,545 KZT from 1 payers/1 tx, 0 captured recipients; depth-cutoff artifact possible; terminal status unproven."
100000004800648100,terminal,0.45,12,0.432988,"Hop 4: 131,000 KZT from 1 payers/1 tx, 0 captured recipients; depth-cutoff artifact possible; terminal status unproven."
100000004806903100,terminal,0.82,2,0.540665,"No captured outflow at hop 2; 18,000 KZT from 1 payers/1 tx. Observed-sample terminal; verify."
100000004813068100,distributor,0.66,23,0.255240,"Fan-out signs: 3 recipients/5 tx, 297,000 KZT out; 0 payers/0 tx in. Verify. Seed inflow is understated."
100000004816564100,peripheral,0.50,15,0.650434,"1 payers/1 tx in (285,480 KZT), 1 recipients/1 tx out (5,000 KZT); no strong role signal."
100000004820260100,transit,0.68,15,0.782354,"Transit signs: 1 payers/12 tx in, 3 recipients/10 tx out; forwarded 92% of recorded inflow. Verify."
100000004825069100,terminal,0.82,1,0.390866,"No captured outflow at hop 2; 30,000 KZT from 1 payers/4 tx. Observed-sample terminal; verify."
100000004840086100,terminal,0.45,0,0.503616,"Hop 4: 100,000 KZT from 1 payers/2 tx, 0 captured recipients; depth-cutoff artifact possible; terminal status unproven."
100000004841728100,terminal,0.82,1,0.394737,"No captured outflow at hop 1; 52,208 KZT from 1 payers/1 tx. Observed-sample terminal; verify."
100000004847758100,coordinator,0.76,0,0.811248,"Coordination signs: 4 payers/4 tx in, 15 recipients/23 tx out; betweenness p99, 3 seeds within 2 hops. Verify."
100000004848236100,terminal,0.45,0,0.393736,"Hop 4: 7,500 KZT from 1 payers/1 tx, 0 captured recipients; depth-cutoff artifact possible; terminal status unproven."
100000004850609100,terminal,0.45,0,0.403616,"Hop 4: 10,000 KZT from 1 payers/1 tx, 0 captured recipients; depth-cutoff artifact possible; terminal status unproven."
100000004856746100,terminal,0.45,33,0.368769,"Hop 4: 20,000 KZT from 1 payers/1 tx, 0 captured recipients; depth-cutoff artifact possible; terminal status unproven."
100000004877085100,distributor,0.66,13,0.577103,"Fan-out signs: 3 recipients/9 tx, 95,600 KZT out; 1 payers/1 tx in. Verify."
100000004889043100,terminal,0.82,0,0.472486,"No captured outflow at hop 3; 272,000 KZT from 2 payers/4 tx. Observed-sample terminal; verify."
100000004890713100,terminal,0.45,7,0.371974,"Hop 4: 40,485 KZT from 1 payers/1 tx, 0 captured recipients; depth-cutoff artifact possible; terminal status unproven."
100000004891562100,terminal,0.45,7,0.436994,"Hop 4: 103,400 KZT from 1 payers/1 tx, 0 captured recipients; depth-cutoff artifact possible; terminal status unproven."
100000004892144100,consolidator,0.72,23,0.706954,"Consolidation signs: 2 payers/7 tx, 4,500,000 KZT in; forwarded 4% of recorded inflow; verify."
100000004904960100,terminal,0.82,0,0.685102,"No captured outflow at hop 2; 32,000 KZT from 2 payers/2 tx. Observed-sample terminal; verify."
100000004905207100,terminal,0.82,14,0.516900,"No captured outflow at hop 2; 380,000 KZT from 1 payers/1 tx. Observed-sample terminal; verify."
100000004906181100,coordinator,0.76,35,0.496495,"Coordination signs: 1 payers/1 tx in, 7 recipients/33 tx out; betweenness p95, 0 seeds within 2 hops. Verify."
100000004908173100,terminal,0.45,5,0.418569,"Hop 4: 21,000 KZT from 1 payers/1 tx, 0 captured recipients; depth-cutoff artifact possible; terminal status unproven."
100000004911971100,terminal,0.45,35,0.294003,"Hop 4: 35,000 KZT from 1 payers/3 tx, 0 captured recipients; depth-cutoff artifact possible; terminal status unproven."
100000004917367100,terminal,0.82,6,0.450723,"No captured outflow at hop 3; 120,000 KZT from 2 payers/2 tx. Observed-sample terminal; verify."
100000004921657100,peripheral,0.50,2,0.491088,"1 payers/1 tx in (8,300 KZT), 1 recipients/1 tx out (22,190 KZT); no strong role signal."
100000004931931100,peripheral,0.50,0,0.474933,"1 payers/1 tx in (23,938 KZT), 1 recipients/1 tx out (45,000 KZT); no strong role signal."
100000004948177100,terminal,0.82,3,0.643947,"No captured outflow at hop 1; 437,163 KZT from 3 payers/8 tx. Observed-sample terminal; verify."
100000004950490100,terminal,0.82,10,0.469370,"No captured outflow at hop 2; 10,000 KZT from 1 payers/1 tx. Observed-sample terminal; verify."
100000004959752100,terminal,0.82,2,0.532454,"No captured outflow at hop 3; 22,200 KZT from 1 payers/1 tx. Observed-sample terminal; verify."
100000004962193100,terminal,0.82,0,0.733823,"No captured outflow at hop 2; 900,468 KZT from 8 payers/11 tx. Observed-sample terminal; verify."
100000004970752100,terminal,0.82,0,0.530852,"No captured outflow at hop 3; 10,000 KZT from 1 payers/1 tx. Observed-sample terminal; verify."
100000004971871100,peripheral,0.50,57,0.613852,"1 payers/3 tx in (25,400 KZT), 1 recipients/1 tx out (5,650 KZT); no strong role signal. Seed inflow is understated."
100000004975919100,peripheral,0.50,4,0.486671,"1 payers/1 tx in (22,351 KZT), 2 recipients/2 tx out (15,000 KZT); no strong role signal."
100000004976946100,terminal,0.45,40,0.416433,"Hop 4: 246,000 KZT from 1 payers/1 tx, 0 captured recipients; depth-cutoff artifact possible; terminal status unproven."
100000004979264100,terminal,0.45,5,0.469304,"Hop 4: 39,800 KZT from 1 payers/1 tx, 0 captured recipients; depth-cutoff artifact possible; terminal status unproven."
100000004979283100,terminal,0.82,7,0.370906,"No captured outflow at hop 3; 40,132 KZT from 1 payers/1 tx. Observed-sample terminal; verify."
100000004979498100,peripheral,0.50,51,0.628271,"1 payers/2 tx in (700,000 KZT), 1 recipients/1 tx out (200,000 KZT); no strong role signal."
100000004981068100,terminal,0.45,4,0.457955,"Hop 4: 10,000 KZT from 1 payers/1 tx, 0 captured recipients; depth-cutoff artifact possible; terminal status unproven."
100000004984689100,terminal,0.82,4,0.352214,"No captured outflow at hop 3; 53,030 KZT from 1 payers/1 tx. Observed-sample terminal; verify."
100000004988240100,terminal,0.45,0,0.493469,"Hop 4: 20,000 KZT from 1 payers/1 tx, 0 captured recipients; depth-cutoff artifact possible; terminal status unproven."
100000004991593100,terminal,0.45,4,0.444871,"Hop 4: 45,000 KZT from 1 payers/2 tx, 0 captured recipients; depth-cutoff artifact possible; terminal status unproven."
100000004991812100,terminal,0.82,22,0.440732,"No captured outflow at hop 3; 10,000 KZT from 1 payers/1 tx. Observed-sample terminal; verify."
100000004993576100,terminal,0.82,15,0.476313,"No captured outflow at hop 2; 167,000 KZT from 1 payers/1 tx. Observed-sample terminal; verify."
100000004997515100,consolidator,0.72,5,0.785258,"Consolidation signs: 4 payers/4 tx, 395,000 KZT in; forwarded 14% of recorded inflow; verify."
100000005008589100,terminal,0.82,0,0.380118,"No captured outflow at hop 3; 42,807 KZT from 1 payers/1 tx. Observed-sample terminal; verify."
100000005010159100,terminal,0.45,4,0.521239,"Hop 4: 7,092 KZT from 1 payers/1 tx, 0 captured recipients; depth-cutoff artifact possible; terminal status unproven."
100000005017150100,peripheral,0.50,78,0.198698,"0 payers/0 tx in (0 KZT), 0 recipients/0 tx out (0 KZT); no strong role signal. Seed inflow is understated."
100000005022552100,peripheral,0.50,3,0.488418,"1 payers/3 tx in (241,000 KZT), 1 recipients/1 tx out (5,000 KZT); no strong role signal."
100000005022964100,terminal,0.82,2,0.466700,"No captured outflow at hop 2; 20,000 KZT from 1 payers/1 tx. Observed-sample terminal; verify."
100000005025629100,terminal,0.45,6,0.448008,"Hop 4: 5,227 KZT from 1 payers/1 tx, 0 captured recipients; depth-cutoff artifact possible; terminal status unproven."
100000005030592100,terminal,0.82,15,0.331119,"No captured outflow at hop 2; 10,000 KZT from 1 payers/1 tx. Observed-sample terminal; verify."
100000005031696100,peripheral,0.50,50,0.738195,"1 payers/1 tx in (5,000 KZT), 2 recipients/3 tx out (115,000 KZT); no strong role signal."
100000005032294100,terminal,0.82,14,0.504551,"No captured outflow at hop 2; 10,000 KZT from 1 payers/1 tx. Observed-sample terminal; verify."
100000005034574100,terminal,0.82,64,0.513429,"No captured outflow at hop 1; 258,816 KZT from 1 payers/16 tx. Observed-sample terminal; verify."
100000005037490100,peripheral,0.50,13,0.660303,"1 payers/1 tx in (15,000 KZT), 2 recipients/3 tx out (30,000 KZT); no strong role signal."
100000005041147100,terminal,0.45,0,0.499477,"Hop 4: 10,000 KZT from 1 payers/1 tx, 0 captured recipients; depth-cutoff artifact possible; terminal status unproven."
100000005041905100,peripheral,0.50,1,0.305107,"1 payers/1 tx in (5,000 KZT), 1 recipients/5 tx out (1,080,351 KZT); no strong role signal."
100000005042822100,terminal,0.45,30,0.478649,"Hop 4: 1,000,000 KZT from 1 payers/1 tx, 0 captured recipients; depth-cutoff artifact possible; terminal status unproven."
100000005048668100,coordinator,0.76,4,0.643380,"Coordination signs: 2 payers/2 tx in, 8 recipients/11 tx out; betweenness p94, 1 seeds within 2 hops. Verify."
100000005049404100,terminal,0.45,6,0.402681,"Hop 4: 98,000 KZT from 1 payers/2 tx, 0 captured recipients; depth-cutoff artifact possible; terminal status unproven."
100000005052998100,peripheral,0.50,0,0.302570,"1 payers/1 tx in (9,500 KZT), 1 recipients/1 tx out (28,400 KZT); no strong role signal."
100000005053653100,consolidator,0.72,13,0.738485,"Consolidation signs: 2 payers/2 tx, 63,073 KZT in; forwarded 40% of recorded inflow; verify."
100000005055454100,terminal,0.82,28,0.488529,"No captured outflow at hop 3; 6,500 KZT from 1 payers/1 tx. Observed-sample terminal; verify."
100000005056870100,terminal,0.82,45,0.422308,"No captured outflow at hop 1; 20,000 KZT from 1 payers/1 tx. Observed-sample terminal; verify."
100000005059998100,terminal,0.82,0,0.412873,"No captured outflow at hop 2; 18,000 KZT from 1 payers/1 tx. Observed-sample terminal; verify."
100000005061890100,terminal,0.82,2,0.500412,"No captured outflow at hop 3; 90,000 KZT from 1 payers/1 tx. Observed-sample terminal; verify."
100000005074393100,coordinator,0.76,13,0.958801,"Coordination signs: 4 payers/5 tx in, 6 recipients/10 tx out; betweenness p96, 3 seeds within 2 hops. Verify."
100000005075949100,terminal,0.45,46,0.531787,"Hop 4: 2,226,000 KZT from 1 payers/7 tx, 0 captured recipients; depth-cutoff artifact possible; terminal status unproven."
100000005077484100,peripheral,0.50,28,0.691021,"1 payers/1 tx in (150,000 KZT), 2 recipients/2 tx out (13,550 KZT); no strong role signal."
100000005079473100,terminal,0.45,4,0.423509,"Hop 4: 39,312 KZT from 1 payers/1 tx, 0 captured recipients; depth-cutoff artifact possible; terminal status unproven."
100000005079754100,peripheral,0.50,2,0.621640,"1 payers/1 tx in (70,000 KZT), 2 recipients/2 tx out (122,000 KZT); no strong role signal."
100000005082652100,terminal,0.82,10,0.468769,"No captured outflow at hop 3; 30,000 KZT from 1 payers/1 tx. Observed-sample terminal; verify."
100000005087431100,peripheral,0.50,79,0.198698,"0 payers/0 tx in (0 KZT), 0 recipients/0 tx out (0 KZT); no strong role signal. Seed inflow is understated."
100000005087923100,terminal,0.45,8,0.479317,"Hop 4: 20,000 KZT from 1 payers/1 tx, 0 captured recipients; depth-cutoff artifact possible; terminal status unproven."
100000005089460100,terminal,0.82,1,0.273709,"No captured outflow at hop 3; 12,300 KZT from 1 payers/1 tx. Observed-sample terminal; verify."
100000005092518100,terminal,0.82,1,0.357154,"No captured outflow at hop 1; 26,144 KZT from 1 payers/1 tx. Observed-sample terminal; verify."
100000005093521100,terminal,0.82,2,0.349588,"No captured outflow at hop 1; 15,200 KZT from 1 payers/1 tx. Observed-sample terminal; verify."
100000005100475100,terminal,0.82,8,0.433789,"No captured outflow at hop 3; 40,000 KZT from 1 payers/1 tx. Observed-sample terminal; verify."
100000005105153100,terminal,0.82,0,0.508489,"No captured outflow at hop 2; 30,000 KZT from 1 payers/1 tx. Observed-sample terminal; verify."
100000005124479100,consolidator,0.72,0,0.740866,"Consolidation signs: 2 payers/2 tx, 137,753 KZT in; forwarded 16% of recorded inflow; verify."
100000005127767100,terminal,0.82,38,0.471239,"No captured outflow at hop 3; 7,000 KZT from 1 payers/1 tx. Observed-sample terminal; verify."
100000005133757100,terminal,0.82,4,0.539553,"No captured outflow at hop 1; 65,000 KZT from 2 payers/2 tx. Observed-sample terminal; verify."
100000005140601100,peripheral,0.50,4,0.895249,"3 payers/4 tx in (52,685 KZT), 2 recipients/5 tx out (195,300 KZT); no strong role signal."
100000005142492100,peripheral,0.50,8,0.592156,"1 payers/1 tx in (10,000 KZT), 1 recipients/1 tx out (57,000 KZT); no strong role signal."
100000005142589100,terminal,0.82,0,0.459735,"No captured outflow at hop 2; 50,000 KZT from 1 payers/2 tx. Observed-sample terminal; verify."
100000005146665100,terminal,0.45,55,0.264497,"Hop 4: 5,500 KZT from 1 payers/1 tx, 0 captured recipients; depth-cutoff artifact possible; terminal status unproven."
100000005168487100,peripheral,0.50,11,0.632143,"1 payers/1 tx in (15,000 KZT), 1 recipients/14 tx out (103,510 KZT); no strong role signal."
100000005171642100,transit,0.68,8,0.800923,"Transit signs: 2 payers/5 tx in, 1 recipients/4 tx out; forwarded 98% of recorded inflow. Verify."
100000005172860100,terminal,0.82,0,0.322308,"No captured outflow at hop 3; 15,209 KZT from 1 payers/1 tx. Observed-sample terminal; verify."
100000005175148100,consolidator,0.72,15,0.745316,"Consolidation signs: 2 payers/4 tx, 79,000 KZT in; forwarded 19% of recorded inflow; verify."
100000005182219100,terminal,0.82,6,0.556064,"No captured outflow at hop 3; 55,000 KZT from 2 payers/2 tx. Observed-sample terminal; verify."
100000005183943100,terminal,0.82,43,0.562161,"No captured outflow at hop 1; 680,900 KZT from 1 payers/9 tx. Observed-sample terminal; verify."
100000005186109100,terminal,0.82,15,0.520171,"No captured outflow at hop 3; 5,000 KZT from 1 payers/1 tx. Observed-sample terminal; verify."
100000005186131100,transit,0.68,0,0.413919,"Transit signs: 1 payers/1 tx in, 1 recipients/1 tx out; forwarded 100% of recorded inflow. Verify."
100000005187208100,terminal,0.82,6,0.401079,"No captured outflow at hop 3; 14,160 KZT from 1 payers/1 tx. Observed-sample terminal; verify."
100000005189258100,terminal,0.45,6,0.472686,"Hop 4: 50,000 KZT from 1 payers/1 tx, 0 captured recipients; depth-cutoff artifact possible; terminal status unproven."
100000005198498100,terminal,0.82,1,0.306420,"No captured outflow at hop 3; 28,800 KZT from 1 payers/1 tx. Observed-sample terminal; verify."
100000005198906100,peripheral,0.50,6,0.483478,"1 payers/1 tx in (227,970 KZT), 1 recipients/1 tx out (60,000 KZT); no strong role signal."
100000005203590100,terminal,0.82,8,0.420238,"No captured outflow at hop 2; 90,000 KZT from 1 payers/1 tx. Observed-sample terminal; verify."
100000005205745100,terminal,0.82,8,0.442935,"No captured outflow at hop 2; 6,000 KZT from 1 payers/1 tx. Observed-sample terminal; verify."
100000005209352100,terminal,0.45,0,0.470572,"Hop 4: 5,000 KZT from 1 payers/1 tx, 0 captured recipients; depth-cutoff artifact possible; terminal status unproven."
100000005222360100,coordinator,0.76,14,0.717012,"Coordination signs: 1 payers/1 tx in, 1 recipients/1 tx out; betweenness p99, 0 seeds within 2 hops. Verify."
100000005226217100,terminal,0.45,5,0.458890,"Hop 4: 17,500 KZT from 1 payers/1 tx, 0 captured recipients; depth-cutoff artifact possible; terminal status unproven."
100000005228059100,terminal,0.82,1,0.356687,"No captured outflow at hop 1; 26,000 KZT from 1 payers/1 tx. Observed-sample terminal; verify."
100000005233755100,peripheral,0.50,16,0.473598,"1 payers/1 tx in (25,000 KZT), 1 recipients/1 tx out (5,000 KZT); no strong role signal."
100000005235389100,peripheral,0.50,80,0.198698,"0 payers/0 tx in (0 KZT), 0 recipients/0 tx out (0 KZT); no strong role signal. Seed inflow is understated."
100000005237935150,terminal,0.82,9,0.401012,"No captured outflow at hop 2; 34,508 KZT from 1 payers/1 tx. Observed-sample terminal; verify."
100000005241556100,terminal,0.82,4,0.508689,"No captured outflow at hop 3; 100,000 KZT from 1 payers/1 tx. Observed-sample terminal; verify."
100000005242320100,distributor,0.66,9,0.851880,"Fan-out signs: 21 recipients/29 tx, 8,936,295 KZT out; 2 payers/2 tx in. Verify."
100000005264874100,peripheral,0.50,36,0.621918,"1 payers/1 tx in (30,000 KZT), 2 recipients/3 tx out (78,000 KZT); no strong role signal."
100000005264990100,peripheral,0.50,19,0.717078,"1 payers/1 tx in (17,070 KZT), 2 recipients/2 tx out (122,000 KZT); no strong role signal. Seed inflow is understated."
100000005265073100,peripheral,0.50,19,0.589241,"1 payers/1 tx in (5,000 KZT), 1 recipients/1 tx out (9,000 KZT); no strong role signal."
100000005268319100,distributor,0.66,0,0.568669,"Fan-out signs: 5 recipients/10 tx, 91,000 KZT out; 1 payers/2 tx in. Verify."
100000005272139100,terminal,0.45,3,0.531386,"Hop 4: 165,000 KZT from 1 payers/1 tx, 0 captured recipients; depth-cutoff artifact possible; terminal status unproven."
100000005287097100,coordinator,0.76,3,0.776313,"Coordination signs: 2 payers/5 tx in, 9 recipients/42 tx out; betweenness p99, 3 seeds within 2 hops. Verify."
100000005293969100,terminal,0.45,0,0.494537,"Hop 4: 5,467 KZT from 1 payers/1 tx, 0 captured recipients; depth-cutoff artifact possible; terminal status unproven."
100000005308954100,peripheral,0.50,3,0.608845,"1 payers/1 tx in (69,020 KZT), 1 recipients/1 tx out (30,000 KZT); no strong role signal."
100000005314565100,terminal,0.82,0,0.455952,"No captured outflow at hop 3; 218,500 KZT from 1 payers/3 tx. Observed-sample terminal; verify."
100000005316708100,peripheral,0.50,9,0.577659,"1 payers/1 tx in (90,000 KZT), 2 recipients/4 tx out (257,500 KZT); no strong role signal."
100000005317181100,peripheral,0.50,0,0.573064,"1 payers/1 tx in (141,250 KZT), 1 recipients/1 tx out (14,500 KZT); no strong role signal."
100000005326681100,terminal,0.82,15,0.389130,"No captured outflow at hop 2; 31,228 KZT from 1 payers/1 tx. Observed-sample terminal; verify."
100000005328215100,terminal,0.82,7,0.401814,"No captured outflow at hop 2; 27,000 KZT from 1 payers/1 tx. Observed-sample terminal; verify."
100000005339662100,distributor,0.66,15,0.955952,"Fan-out signs: 4 recipients/15 tx, 295,160 KZT out; 4 payers/9 tx in. Verify."
100000005342513100,peripheral,0.50,1,0.584146,"1 payers/2 tx in (235,000 KZT), 1 recipients/1 tx out (30,000 KZT); no strong role signal."
100000005357034100,terminal,0.82,0,0.261159,"No captured outflow at hop 3; 9,754 KZT from 1 payers/1 tx. Observed-sample terminal; verify."
100000005357705100,distributor,0.66,4,0.549199,"Fan-out signs: 4 recipients/5 tx, 387,080 KZT out; 1 payers/1 tx in. Verify."
100000005360814100,terminal,0.45,4,0.475045,"Hop 4: 144,000 KZT from 1 payers/3 tx, 0 captured recipients; depth-cutoff artifact possible; terminal status unproven."
100000005362848100,terminal,0.82,7,0.352748,"No captured outflow at hop 3; 29,000 KZT from 1 payers/1 tx. Observed-sample terminal; verify."
100000005363908100,transit,0.68,48,0.517724,"Transit signs: 1 payers/1 tx in, 1 recipients/1 tx out; forwarded 100% of recorded inflow. Verify."
100000005367180100,terminal,0.45,4,0.532321,"Hop 4: 7,700 KZT from 1 payers/1 tx, 0 captured recipients; depth-cutoff artifact possible; terminal status unproven."
100000005367284100,peripheral,0.50,0,0.474388,"1 payers/1 tx in (13,700 KZT), 2 recipients/5 tx out (48,300 KZT); no strong role signal."
100000005367445100,transit,0.68,5,0.591222,"Transit signs: 1 payers/1 tx in, 1 recipients/1 tx out; forwarded 100% of recorded inflow. Verify."
100000005370558100,terminal,0.45,0,0.364631,"Hop 4: 5,000 KZT from 1 payers/1 tx, 0 captured recipients; depth-cutoff artifact possible; terminal status unproven."
100000005370580100,terminal,0.50,13,0.512183,"No captured outflow at hop 0; 24,075 KZT from 1 payers/1 tx. Observed-sample terminal; verify. Seed inflow is understated."
100000005375968100,peripheral,0.50,0,0.525790,"1 payers/1 tx in (170,082 KZT), 2 recipients/4 tx out (86,000 KZT); no strong role signal."
100000005382566100,consolidator,0.62,19,0.946239,"Consolidation signs: 7 payers/11 tx, 393,066 KZT observed in, 1 recipients; seed inflow is understated. Verify."
100000005386383100,consolidator,0.62,19,0.844648,"Consolidation signs: 2 payers/2 tx, 37,500 KZT observed in, 1 recipients; seed inflow is understated. Verify."
100000005392290100,peripheral,0.50,68,0.240376,"0 payers/0 tx in (0 KZT), 1 recipients/1 tx out (81,465 KZT); no strong role signal. Seed inflow is understated."
100000005394708100,peripheral,0.50,19,0.645828,"1 payers/1 tx in (26,000 KZT), 1 recipients/1 tx out (65,000 KZT); no strong role signal."
100000005395727100,terminal,0.50,15,0.516878,"No captured outflow at hop 0; 17,000 KZT from 1 payers/1 tx. Observed-sample terminal; verify. Seed inflow is understated."
100000005402643100,transit,0.68,17,0.535458,"Transit signs: 1 payers/1 tx in, 1 recipients/1 tx out; forwarded 70% of recorded inflow. Verify."
100000005409156100,terminal,0.82,6,0.583033,"No captured outflow at hop 3; 260,080 KZT from 2 payers/2 tx. Observed-sample terminal; verify."
100000005409680100,terminal,0.50,18,0.704016,"No captured outflow at hop 0; 55,060 KZT from 2 payers/2 tx. Observed-sample terminal; verify. Seed inflow is understated."
100000005413948100,consolidator,0.72,5,0.867368,"Consolidation signs: 2 payers/2 tx, 28,215 KZT in; forwarded 18% of recorded inflow; verify."
100000005417257100,peripheral,0.50,19,0.278271,"0 payers/0 tx in (0 KZT), 2 recipients/2 tx out (106,000 KZT); no strong role signal. Seed inflow is understated."
100000005432267100,terminal,0.82,2,0.611782,"No captured outflow at hop 1; 350,001 KZT from 2 payers/2 tx. Observed-sample terminal; verify."
100000005454368100,terminal,0.50,13,0.648787,"No captured outflow at hop 0; 48,600 KZT from 2 payers/2 tx. Observed-sample terminal; verify. Seed inflow is understated."
100000005456919100,consolidator,0.72,42,0.741199,"Consolidation signs: 2 payers/10 tx, 479,950 KZT in; forwarded 1% of recorded inflow; verify."
100000005473151100,coordinator,0.76,7,0.860792,"Coordination signs: 3 payers/4 tx in, 4 recipients/6 tx out; betweenness p96, 1 seeds within 2 hops. Verify."
100000005474472100,terminal,0.82,23,0.547474,"No captured outflow at hop 2; 100,000 KZT from 1 payers/1 tx. Observed-sample terminal; verify."
100000005475379100,transit,0.68,11,0.664964,"Transit signs: 1 payers/1 tx in, 3 recipients/3 tx out; forwarded 75% of recorded inflow. Verify."
100000005480435100,peripheral,0.50,81,0.198698,"0 payers/0 tx in (0 KZT), 0 recipients/0 tx out (0 KZT); no strong role signal. Seed inflow is understated."
100000005481280100,distributor,0.66,15,0.611860,"Fan-out signs: 3 recipients/3 tx, 50,000 KZT out; 1 payers/1 tx in. Verify."
100000005485830100,distributor,0.66,45,0.258867,"Fan-out signs: 5 recipients/9 tx, 275,885 KZT out; 0 payers/0 tx in. Verify. Seed inflow is understated."
100000005493505100,terminal,0.50,2,0.726190,"No captured outflow at hop 0; 62,020 KZT from 3 payers/3 tx. Observed-sample terminal; verify. Seed inflow is understated."
100000005495211100,terminal,0.45,0,0.513229,"Hop 4: 14,500 KZT from 1 payers/1 tx, 0 captured recipients; depth-cutoff artifact possible; terminal status unproven."
100000005495722100,peripheral,0.50,82,0.198698,"0 payers/0 tx in (0 KZT), 0 recipients/0 tx out (0 KZT); no strong role signal. Seed inflow is understated."
100000005496254100,terminal,0.82,0,0.319036,"No captured outflow at hop 1; 12,700 KZT from 1 payers/1 tx. Observed-sample terminal; verify."
100000005497148100,terminal,0.45,6,0.485592,"Hop 4: 24,000 KZT from 1 payers/2 tx, 0 captured recipients; depth-cutoff artifact possible; terminal status unproven."
100000005498992100,distributor,0.66,17,0.294849,"Fan-out signs: 16 recipients/19 tx, 2,262,868 KZT out; 0 payers/0 tx in. Verify. Seed inflow is understated."
100000005505655100,coordinator,0.76,25,0.763407,"Coordination signs: 2 payers/2 tx in, 1 recipients/1 tx out; betweenness p96, 1 seeds within 2 hops. Verify."
100000005507142100,distributor,0.66,36,0.846662,"Fan-out signs: 3 recipients/4 tx, 100,000 KZT out; 3 payers/3 tx in. Verify."
100000005514161100,consolidator,0.72,9,0.919326,"Consolidation signs: 4 payers/7 tx, 401,500 KZT in; forwarded 12% of recorded inflow; verify."
100000005519347100,consolidator,0.62,3,0.840387,"Consolidation signs: 2 payers/2 tx, 73,100 KZT observed in, 1 recipients; seed inflow is understated. Verify."
100000005519998100,transit,0.68,33,0.894326,"Transit signs: 3 payers/5 tx in, 3 recipients/8 tx out; forwarded 103% of recorded inflow. Verify."
100000005523088100,terminal,0.50,19,0.617390,"No captured outflow at hop 0; 700,000 KZT from 1 payers/2 tx. Observed-sample terminal; verify. Seed inflow is understated."
100000005527892100,coordinator,0.76,4,0.810191,"Coordination signs: 3 payers/3 tx in, 8 recipients/8 tx out; betweenness p98, 2 seeds within 2 hops. Verify."
100000005530114100,consolidator,0.72,16,0.742623,"Consolidation signs: 2 payers/2 tx, 136,970 KZT in; forwarded 18% of recorded inflow; verify."
100000005532138100,terminal,0.82,10,0.338062,"No captured outflow at hop 3; 25,046 KZT from 1 payers/1 tx. Observed-sample terminal; verify."
100000005539201100,peripheral,0.50,3,0.525901,"1 payers/1 tx in (45,504 KZT), 1 recipients/1 tx out (25,000 KZT); no strong role signal."
100000005539910100,peripheral,0.50,2,0.714430,"1 payers/1 tx in (102,000 KZT), 2 recipients/2 tx out (22,000 KZT); no strong role signal."
100000005543136100,peripheral,0.50,2,0.261449,"0 payers/0 tx in (0 KZT), 1 recipients/1 tx out (10,000 KZT); no strong role signal. Seed inflow is understated."
100000005546031100,consolidator,0.72,48,0.839174,"Consolidation signs: 3 payers/6 tx, 66,800 KZT in; forwarded 12% of recorded inflow; verify."
100000005547096100,peripheral,0.50,48,0.725734,"1 payers/1 tx in (8,000 KZT), 2 recipients/3 tx out (226,300 KZT); no strong role signal."
100000005550592100,peripheral,0.50,83,0.198698,"0 payers/0 tx in (0 KZT), 0 recipients/0 tx out (0 KZT); no strong role signal. Seed inflow is understated."
100000005553088100,terminal,0.45,4,0.340732,"Hop 4: 17,500 KZT from 1 payers/1 tx, 0 captured recipients; depth-cutoff artifact possible; terminal status unproven."
100000005560900100,peripheral,0.50,84,0.198698,"0 payers/0 tx in (0 KZT), 0 recipients/0 tx out (0 KZT); no strong role signal. Seed inflow is understated."
100000005561741100,terminal,0.82,7,0.468703,"No captured outflow at hop 2; 25,000 KZT from 1 payers/1 tx. Observed-sample terminal; verify."
100000005567828100,terminal,0.45,7,0.418169,"Hop 4: 94,000 KZT from 1 payers/1 tx, 0 captured recipients; depth-cutoff artifact possible; terminal status unproven."
100000005568407100,peripheral,0.50,85,0.198698,"0 payers/0 tx in (0 KZT), 0 recipients/0 tx out (0 KZT); no strong role signal. Seed inflow is understated."
100000005572303100,peripheral,0.50,3,0.636627,"1 payers/1 tx in (75,000 KZT), 1 recipients/1 tx out (20,000 KZT); no strong role signal."
100000005578559100,coordinator,0.76,7,0.860670,"Coordination signs: 2 payers/2 tx in, 21 recipients/23 tx out; betweenness p98, 3 seeds within 2 hops. Verify."
100000005584222100,peripheral,0.50,0,0.870416,"2 payers/6 tx in (192,717 KZT), 2 recipients/3 tx out (108,587 KZT); no strong role signal."
100000005588444100,terminal,0.82,10,0.304217,"No captured outflow at hop 1; 12,300 KZT from 1 payers/1 tx. Observed-sample terminal; verify."
100000005589319100,terminal,0.45,2,0.437995,"Hop 4: 26,000 KZT from 1 payers/1 tx, 0 captured recipients; depth-cutoff artifact possible; terminal status unproven."
100000005602999100,peripheral,0.50,11,0.610002,"1 payers/1 tx in (5,000 KZT), 2 recipients/3 tx out (16,000 KZT); no strong role signal."
100000005608515100,terminal,0.82,10,0.374043,"No captured outflow at hop 2; 64,000 KZT from 1 payers/4 tx. Observed-sample terminal; verify."
100000005610717100,peripheral,0.50,0,0.731231,"4 payers/6 tx in (484,500 KZT), 1 recipients/7 tx out (265,200 KZT); no strong role signal."
100000005612411100,coordinator,0.76,2,0.833000,"Coordination signs: 3 payers/4 tx in, 8 recipients/8 tx out; betweenness p95, 3 seeds within 2 hops. Verify."
100000005614315100,terminal,0.82,3,0.557087,"No captured outflow at hop 2; 455,000 KZT from 1 payers/1 tx. Observed-sample terminal; verify."
100000005616568100,terminal,0.45,6,0.474510,"Hop 4: 530,000 KZT from 1 payers/1 tx, 0 captured recipients; depth-cutoff artifact possible; terminal status unproven."
100000005619339100,transit,0.68,3,0.501569,"Transit signs: 1 payers/1 tx in, 1 recipients/1 tx out; forwarded 109% of recorded inflow. Verify."
100000005620225100,terminal,0.82,0,0.504862,"No captured outflow at hop 1; 49,846 KZT from 2 payers/2 tx. Observed-sample terminal; verify."
100000005621418100,terminal,0.45,26,0.392134,"Hop 4: 30,000 KZT from 1 payers/1 tx, 0 captured recipients; depth-cutoff artifact possible; terminal status unproven."
100000005628518100,terminal,0.82,18,0.498409,"No captured outflow at hop 3; 77,000 KZT from 1 payers/3 tx. Observed-sample terminal; verify."
100000005634552100,distributor,0.66,0,0.529773,"Fan-out signs: 3 recipients/4 tx, 1,196,000 KZT out; 1 payers/1 tx in. Verify."
100000005636951100,terminal,0.45,8,0.523376,"Hop 4: 40,000 KZT from 1 payers/1 tx, 0 captured recipients; depth-cutoff artifact possible; terminal status unproven."
100000005660203100,peripheral,0.50,3,0.748198,"1 payers/12 tx in (572,899 KZT), 2 recipients/5 tx out (41,000 KZT); no strong role signal."
100000005661528100,terminal,0.82,4,0.316166,"No captured outflow at hop 3; 25,000 KZT from 1 payers/1 tx. Observed-sample terminal; verify."
100000005661829100,transit,0.68,18,0.480541,"Transit signs: 1 payers/1 tx in, 2 recipients/4 tx out; forwarded 107% of recorded inflow. Verify."
100000005664632100,terminal,0.82,65,0.493135,"No captured outflow at hop 2; 198,620 KZT from 1 payers/18 tx. Observed-sample terminal; verify."
100000005664922100,distributor,0.66,23,0.846484,"Fan-out signs: 3 recipients/4 tx, 537,000 KZT out; 2 payers/2 tx in. Verify."
100000005665181100,coordinator,0.76,6,0.884146,"Coordination signs: 4 payers/5 tx in, 11 recipients/11 tx out; betweenness p96, 3 seeds within 2 hops. Verify."
100000005667841100,terminal,0.82,5,0.513474,"No captured outflow at hop 3; 186,000 KZT from 2 payers/2 tx. Observed-sample terminal; verify."
100000005668605100,terminal,0.50,19,0.739542,"No captured outflow at hop 0; 94,500 KZT from 3 payers/3 tx. Observed-sample terminal; verify. Seed inflow is understated."
100000005669845100,terminal,0.82,28,0.453683,"No captured outflow at hop 1; 20,000 KZT from 1 payers/1 tx. Observed-sample terminal; verify."
100000005674387100,terminal,0.82,1,0.302348,"No captured outflow at hop 3; 26,200 KZT from 1 payers/1 tx. Observed-sample terminal; verify."
100000005685783100,terminal,0.45,1,0.497608,"Hop 4: 26,150 KZT from 1 payers/1 tx, 0 captured recipients; depth-cutoff artifact possible; terminal status unproven."
100000005704413100,coordinator,0.76,7,0.943347,"Coordination signs: 3 payers/4 tx in, 32 recipients/35 tx out; betweenness p99, 4 seeds within 2 hops. Verify."
100000005709551100,terminal,0.82,13,0.384591,"No captured outflow at hop 3; 24,560 KZT from 1 payers/1 tx. Observed-sample terminal; verify."
100000005711521100,terminal,0.45,13,0.499744,"Hop 4: 238,000 KZT from 1 payers/1 tx, 0 captured recipients; depth-cutoff artifact possible; terminal status unproven."
100000005723580100,terminal,0.45,5,0.438729,"Hop 4: 35,000 KZT from 1 payers/1 tx, 0 captured recipients; depth-cutoff artifact possible; terminal status unproven."
100000005730108100,terminal,0.82,0,0.489263,"No captured outflow at hop 2; 8,000 KZT from 1 payers/1 tx. Observed-sample terminal; verify."
100000005744674100,peripheral,0.50,19,0.272708,"0 payers/0 tx in (0 KZT), 1 recipients/2 tx out (50,066 KZT); no strong role signal. Seed inflow is understated."
100000005745873100,terminal,0.45,40,0.410559,"Hop 4: 223,000 KZT from 1 payers/1 tx, 0 captured recipients; depth-cutoff artifact possible; terminal status unproven."
100000005754335100,terminal,0.82,41,0.467835,"No captured outflow at hop 3; 44,037 KZT from 1 payers/1 tx. Observed-sample terminal; verify."
100000005756189100,transit,0.68,6,0.428204,"Transit signs: 1 payers/1 tx in, 1 recipients/1 tx out; forwarded 75% of recorded inflow. Verify."
100000005756535100,terminal,0.82,1,0.505352,"No captured outflow at hop 3; 20,000 KZT from 1 payers/1 tx. Observed-sample terminal; verify."
100000005767403100,terminal,0.45,33,0.541400,"Hop 4: 1,100,000 KZT from 1 payers/2 tx, 0 captured recipients; depth-cutoff artifact possible; terminal status unproven."
100000005778283100,terminal,0.82,10,0.676613,"No captured outflow at hop 1; 615,760 KZT from 3 payers/3 tx. Observed-sample terminal; verify."
100000005782781100,coordinator,0.76,10,0.915231,"Coordination signs: 6 payers/10 tx in, 10 recipients/10 tx out; betweenness p98, 4 seeds within 2 hops. Verify."
100000005782886100,terminal,0.45,5,0.450612,"Hop 4: 14,000 KZT from 1 payers/1 tx, 0 captured recipients; depth-cutoff artifact possible; terminal status unproven."
100000005783452100,terminal,0.45,9,0.518947,"Hop 4: 286,500 KZT from 2 payers/2 tx, 0 captured recipients; depth-cutoff artifact possible; terminal status unproven."
100000005799271100,terminal,0.82,11,0.542935,"No captured outflow at hop 2; 45,000 KZT from 1 payers/2 tx. Observed-sample terminal; verify."
100000005807278100,terminal,0.82,45,0.372708,"No captured outflow at hop 1; 8,385 KZT from 1 payers/1 tx. Observed-sample terminal; verify."
100000005809252100,terminal,0.82,6,0.556019,"No captured outflow at hop 2; 25,000 KZT from 1 payers/1 tx. Observed-sample terminal; verify."
100000005815602100,peripheral,0.50,3,0.667601,"1 payers/1 tx in (20,000 KZT), 1 recipients/1 tx out (165,000 KZT); no strong role signal."
100000005820746100,peripheral,0.50,23,0.581876,"1 payers/2 tx in (1,989,000 KZT), 1 recipients/1 tx out (60,000 KZT); no strong role signal."
100000005830339100,transit,0.68,2,0.780151,"Transit signs: 5 payers/12 tx in, 1 recipients/1 tx out; forwarded 71% of recorded inflow. Verify."
100000005834479100,peripheral,0.50,4,0.381008,"1 payers/1 tx in (7,500 KZT), 2 recipients/2 tx out (14,470 KZT); no strong role signal."
100000005844459100,terminal,0.82,0,0.587105,"No captured outflow at hop 1; 243,400 KZT from 2 payers/2 tx. Observed-sample terminal; verify."
100000005847078100,terminal,0.82,1,0.279918,"No captured outflow at hop 3; 16,300 KZT from 1 payers/1 tx. Observed-sample terminal; verify."
100000005849100100,terminal,0.82,2,0.527448,"No captured outflow at hop 2; 33,300 KZT from 1 payers/1 tx. Observed-sample terminal; verify."
100000005849862100,terminal,0.45,10,0.507888,"Hop 4: 13,000 KZT from 1 payers/2 tx, 0 captured recipients; depth-cutoff artifact possible; terminal status unproven."
100000005852946100,terminal,0.82,2,0.371084,"No captured outflow at hop 1; 23,746 KZT from 1 payers/1 tx. Observed-sample terminal; verify."
100000005857058100,terminal,0.82,0,0.593013,"No captured outflow at hop 3; 80,222 KZT from 3 payers/3 tx. Observed-sample terminal; verify."
100000005873152100,transit,0.68,11,0.616166,"Transit signs: 1 payers/1 tx in, 1 recipients/1 tx out; forwarded 100% of recorded inflow. Verify."
100000005877725100,terminal,0.82,1,0.411293,"No captured outflow at hop 1; 70,000 KZT from 1 payers/1 tx. Observed-sample terminal; verify."
100000005878334100,terminal,0.45,4,0.465966,"Hop 4: 76,400 KZT from 1 payers/2 tx, 0 captured recipients; depth-cutoff artifact possible; terminal status unproven."
100000005882013100,consolidator,0.72,13,0.686193,"Consolidation signs: 2 payers/3 tx, 135,000 KZT in; forwarded 7% of recorded inflow; verify."
100000005888829100,terminal,0.45,5,0.399878,"Hop 4: 197,000 KZT from 1 payers/1 tx, 0 captured recipients; depth-cutoff artifact possible; terminal status unproven."
100000005893892100,terminal,0.82,6,0.292802,"No captured outflow at hop 3; 102,780 KZT from 1 payers/1 tx. Observed-sample terminal; verify."
100000005895525100,terminal,0.82,45,0.503950,"No captured outflow at hop 1; 120,000 KZT from 1 payers/3 tx. Observed-sample terminal; verify."
100000005897462100,terminal,0.82,11,0.433300,"No captured outflow at hop 1; 98,400 KZT from 1 payers/1 tx. Observed-sample terminal; verify."
100000005901606100,terminal,0.82,1,0.373509,"No captured outflow at hop 1; 35,660 KZT from 1 payers/1 tx. Observed-sample terminal; verify."
100000005904580100,terminal,0.82,12,0.644114,"No captured outflow at hop 2; 72,000 KZT from 2 payers/2 tx. Observed-sample terminal; verify."
100000005910114100,coordinator,0.76,0,0.874410,"Coordination signs: 3 payers/3 tx in, 19 recipients/56 tx out; betweenness p100, 4 seeds within 2 hops. Verify."
100000005910895100,terminal,0.45,11,0.518970,"Hop 4: 5,100 KZT from 1 payers/1 tx, 0 captured recipients; depth-cutoff artifact possible; terminal status unproven."
100000005911352100,coordinator,0.76,38,0.860759,"Coordination signs: 2 payers/2 tx in, 3 recipients/3 tx out; betweenness p94, 1 seeds within 2 hops. Verify."
100000005931985100,terminal,0.82,9,0.444671,"No captured outflow at hop 2; 76,000 KZT from 1 payers/1 tx. Observed-sample terminal; verify."
100000005932987100,terminal,0.82,33,0.511026,"No captured outflow at hop 2; 25,000 KZT from 1 payers/3 tx. Observed-sample terminal; verify."
100000005933757100,coordinator,0.76,14,0.975734,"Coordination signs: 4 payers/6 tx in, 34 recipients/46 tx out; betweenness p100, 7 seeds within 2 hops. Verify."
100000005939154100,terminal,0.82,3,0.399655,"No captured outflow at hop 2; 22,000 KZT from 1 payers/2 tx. Observed-sample terminal; verify."
100000005940652100,terminal,0.82,37,0.348632,"No captured outflow at hop 1; 8,395 KZT from 1 payers/1 tx. Observed-sample terminal; verify."
100000005941908100,terminal,0.82,14,0.527781,"No captured outflow at hop 3; 10,000 KZT from 1 payers/1 tx. Observed-sample terminal; verify."
100000005942793100,terminal,0.82,0,0.638440,"No captured outflow at hop 2; 55,000 KZT from 4 payers/4 tx. Observed-sample terminal; verify."
100000005958064100,peripheral,0.50,14,0.479706,"1 payers/1 tx in (5,746 KZT), 2 recipients/3 tx out (163,987 KZT); no strong role signal."
100000005961971100,terminal,0.82,1,0.389263,"No captured outflow at hop 1; 47,353 KZT from 1 payers/1 tx. Observed-sample terminal; verify."
100000005974542100,terminal,0.82,22,0.484123,"No captured outflow at hop 3; 94,500 KZT from 1 payers/3 tx. Observed-sample terminal; verify."
100000005979037100,terminal,0.45,4,0.422842,"Hop 4: 60,300 KZT from 1 payers/1 tx, 0 captured recipients; depth-cutoff artifact possible; terminal status unproven."
100000005995391100,terminal,0.82,1,0.281854,"No captured outflow at hop 3; 17,200 KZT from 1 payers/1 tx. Observed-sample terminal; verify."
100000005996909100,terminal,0.82,15,0.410425,"No captured outflow at hop 3; 5,500 KZT from 1 payers/1 tx. Observed-sample terminal; verify."
100000006008169100,terminal,0.82,12,0.397942,"No captured outflow at hop 1; 70,000 KZT from 1 payers/1 tx. Observed-sample terminal; verify."
100000006020215100,transit,0.68,13,0.610458,"Transit signs: 1 payers/1 tx in, 2 recipients/2 tx out; forwarded 113% of recorded inflow. Verify."
100000006030946100,terminal,0.82,1,0.414764,"No captured outflow at hop 1; 73,289 KZT from 1 payers/1 tx. Observed-sample terminal; verify."
100000006048193100,terminal,0.82,0,0.352882,"No captured outflow at hop 3; 41,559 KZT from 1 payers/1 tx. Observed-sample terminal; verify."
100000006069103100,transit,0.68,3,0.928772,"Transit signs: 3 payers/3 tx in, 3 recipients/4 tx out; forwarded 118% of recorded inflow. Verify."
100000006100920100,terminal,0.82,0,0.424177,"No captured outflow at hop 3; 100,000 KZT from 1 payers/1 tx. Observed-sample terminal; verify."
100000006111439100,transit,0.68,6,0.788485,"Transit signs: 3 payers/3 tx in, 4 recipients/4 tx out; forwarded 117% of recorded inflow. Verify."
100000006111442100,terminal,0.82,5,0.348609,"No captured outflow at hop 3; 64,000 KZT from 1 payers/1 tx. Observed-sample terminal; verify."
100000006122699100,terminal,0.82,3,0.648743,"No captured outflow at hop 2; 45,865 KZT from 2 payers/2 tx. Observed-sample terminal; verify."
100000006126743100,terminal,0.82,6,0.272374,"No captured outflow at hop 3; 55,000 KZT from 1 payers/1 tx. Observed-sample terminal; verify."
100000006161893100,terminal,0.82,3,0.538396,"No captured outflow at hop 2; 14,000 KZT from 1 payers/1 tx. Observed-sample terminal; verify."
100000006165886100,consolidator,0.72,0,0.610169,"Consolidation signs: 2 payers/2 tx, 184,481 KZT in; forwarded 41% of recorded inflow; verify."
100000006169033100,distributor,0.66,41,0.657365,"Fan-out signs: 3 recipients/10 tx, 1,140,271 KZT out; 1 payers/1 tx in. Verify."
100000006171671100,terminal,0.45,0,0.492534,"Hop 4: 10,000 KZT from 1 payers/1 tx, 0 captured recipients; depth-cutoff artifact possible; terminal status unproven."
100000006177176100,terminal,0.82,3,0.306887,"No captured outflow at hop 1; 8,911 KZT from 1 payers/1 tx. Observed-sample terminal; verify."
100000006209210100,terminal,0.82,10,0.449143,"No captured outflow at hop 3; 229,111 KZT from 1 payers/1 tx. Observed-sample terminal; verify."
100000006225798100,consolidator,0.72,16,0.759913,"Consolidation signs: 3 payers/4 tx, 722,000 KZT in; forwarded 4% of recorded inflow; verify."
100000006232642100,terminal,0.45,41,0.472775,"Hop 4: 456,000 KZT from 1 payers/4 tx, 0 captured recipients; depth-cutoff artifact possible; terminal status unproven."
100000006232815100,distributor,0.66,28,0.715765,"Fan-out signs: 5 recipients/5 tx, 296,500 KZT out; 1 payers/2 tx in. Verify. Seed inflow is understated."
100000006240939100,distributor,0.66,8,0.620127,"Fan-out signs: 5 recipients/5 tx, 778,015 KZT out; 1 payers/1 tx in. Verify."
100000006248077100,terminal,0.82,3,0.400857,"No captured outflow at hop 2; 50,000 KZT from 1 payers/1 tx. Observed-sample terminal; verify."
100000006249740100,distributor,0.66,52,0.276313,"Fan-out signs: 3 recipients/5 tx, 93,007 KZT out; 0 payers/0 tx in. Verify. Seed inflow is understated."
100000006257675100,terminal,0.45,21,0.458623,"Hop 4: 70,000 KZT from 1 payers/2 tx, 0 captured recipients; depth-cutoff artifact possible; terminal status unproven."
100000006274203100,consolidator,0.72,18,0.863741,"Consolidation signs: 2 payers/41 tx, 3,417,512 KZT in; forwarded 2% of recorded inflow; verify."
100000006288612100,terminal,0.45,12,0.358222,"Hop 4: 30,805 KZT from 1 payers/3 tx, 0 captured recipients; depth-cutoff artifact possible; terminal status unproven."
100000006308406100,terminal,0.45,21,0.503349,"Hop 4: 183,000 KZT from 1 payers/2 tx, 0 captured recipients; depth-cutoff artifact possible; terminal status unproven."
100000006326645100,terminal,0.82,1,0.355218,"No captured outflow at hop 1; 25,264 KZT from 1 payers/1 tx. Observed-sample terminal; verify."
100000006351075100,terminal,0.45,40,0.316300,"Hop 4: 40,000 KZT from 1 payers/2 tx, 0 captured recipients; depth-cutoff artifact possible; terminal status unproven."
100000006369769100,terminal,0.82,1,0.380452,"No captured outflow at hop 1; 40,000 KZT from 1 payers/1 tx. Observed-sample terminal; verify."
100000006381453100,terminal,0.45,5,0.516166,"Hop 4: 45,000 KZT from 1 payers/1 tx, 0 captured recipients; depth-cutoff artifact possible; terminal status unproven."
100000006385877100,peripheral,0.50,17,0.634813,"1 payers/5 tx in (53,707 KZT), 1 recipients/5 tx out (36,603 KZT); no strong role signal."
100000006412162100,terminal,0.45,7,0.336326,"Hop 4: 15,000 KZT from 1 payers/2 tx, 0 captured recipients; depth-cutoff artifact possible; terminal status unproven."
100000006416061100,terminal,0.45,0,0.475579,"Hop 4: 30,000 KZT from 1 payers/1 tx, 0 captured recipients; depth-cutoff artifact possible; terminal status unproven."
100000006424479100,peripheral,0.50,13,0.770260,"1 payers/2 tx in (500,000 KZT), 2 recipients/3 tx out (220,000 KZT); no strong role signal."
100000006443391100,peripheral,0.50,17,0.876357,"3 payers/7 tx in (86,776 KZT), 2 recipients/6 tx out (60,042 KZT); no strong role signal."
100000006444163100,terminal,0.82,31,0.417635,"No captured outflow at hop 3; 6,026 KZT from 1 payers/1 tx. Observed-sample terminal; verify."
100000006445501100,terminal,0.82,11,0.427826,"No captured outflow at hop 1; 91,000 KZT from 1 payers/1 tx. Observed-sample terminal; verify."
100000006446271100,terminal,0.82,2,0.579873,"No captured outflow at hop 1; 80,000 KZT from 2 payers/2 tx. Observed-sample terminal; verify."
100000006471232100,terminal,0.82,1,0.324978,"No captured outflow at hop 3; 41,800 KZT from 1 payers/1 tx. Observed-sample terminal; verify."
100000006476758100,terminal,0.82,11,0.490799,"No captured outflow at hop 3; 5,200 KZT from 1 payers/1 tx. Observed-sample terminal; verify."
100000006490557100,terminal,0.82,10,0.303282,"No captured outflow at hop 2; 5,000 KZT from 1 payers/1 tx. Observed-sample terminal; verify."
100000006490615100,terminal,0.45,13,0.464364,"Hop 4: 41,600 KZT from 1 payers/6 tx, 0 captured recipients; depth-cutoff artifact possible; terminal status unproven."
100000006491272100,terminal,0.82,1,0.302348,"No captured outflow at hop 3; 26,200 KZT from 1 payers/1 tx. Observed-sample terminal; verify."
100000006491963100,terminal,0.45,7,0.340198,"Hop 4: 16,000 KZT from 1 payers/3 tx, 0 captured recipients; depth-cutoff artifact possible; terminal status unproven."
100000006492770100,peripheral,0.50,0,0.524599,"1 payers/1 tx in (269,000 KZT), 1 recipients/1 tx out (20,000 KZT); no strong role signal."
100000006512787100,terminal,0.45,0,0.493736,"Hop 4: 20,000 KZT from 1 payers/2 tx, 0 captured recipients; depth-cutoff artifact possible; terminal status unproven."
100000006518161100,transit,0.68,3,0.914964,"Transit signs: 3 payers/13 tx in, 2 recipients/13 tx out; forwarded 100% of recorded inflow. Verify."
100000006522972100,terminal,0.82,6,0.381587,"No captured outflow at hop 3; 9,515 KZT from 1 payers/1 tx. Observed-sample terminal; verify."
100000006523053100,terminal,0.82,2,0.544404,"No captured outflow at hop 2; 5,000 KZT from 1 payers/1 tx. Observed-sample terminal; verify."
100000006527156100,terminal,0.45,46,0.351012,"Hop 4: 48,500 KZT from 1 payers/1 tx, 0 captured recipients; depth-cutoff artifact possible; terminal status unproven."
100000006530134100,terminal,0.82,6,0.474889,"No captured outflow at hop 3; 144,663 KZT from 2 payers/2 tx. Observed-sample terminal; verify."
100000006532229100,terminal,0.82,5,0.371573,"No captured outflow at hop 3; 105,000 KZT from 1 payers/1 tx. Observed-sample terminal; verify."
100000006534886100,peripheral,0.50,3,0.625467,"1 payers/5 tx in (71,700 KZT), 1 recipients/8 tx out (167,500 KZT); no strong role signal."
100000006557763100,terminal,0.82,2,0.482588,"No captured outflow at hop 2; 10,000 KZT from 1 payers/1 tx. Observed-sample terminal; verify."
100000006562026100,terminal,0.82,52,0.701368,"No captured outflow at hop 1; 75,000 KZT from 2 payers/6 tx. Observed-sample terminal; verify."
100000006564102100,terminal,0.82,2,0.514364,"No captured outflow at hop 2; 233,235 KZT from 1 payers/1 tx. Observed-sample terminal; verify."
100000006567935100,terminal,0.82,29,0.439197,"No captured outflow at hop 2; 200,000 KZT from 1 payers/1 tx. Observed-sample terminal; verify."
100000006573438100,terminal,0.82,41,0.363429,"No captured outflow at hop 3; 5,000 KZT from 1 payers/1 tx. Observed-sample terminal; verify."
100000006579678100,coordinator,0.76,3,0.888218,"Coordination signs: 2 payers/2 tx in, 6 recipients/15 tx out; betweenness p98, 1 seeds within 2 hops. Verify."
100000006595426100,terminal,0.82,0,0.494048,"No captured outflow at hop 2; 84,800 KZT from 1 payers/3 tx. Observed-sample terminal; verify."
100000006612238100,peripheral,0.50,1,0.519192,"1 payers/1 tx in (160,000 KZT), 1 recipients/1 tx out (25,000 KZT); no strong role signal."
100000006638021100,terminal,0.45,47,0.617345,"Hop 4: 388,500 KZT from 2 payers/2 tx, 0 captured recipients; depth-cutoff artifact possible; terminal status unproven."
100000006641671100,transit,0.68,4,0.734635,"Transit signs: 2 payers/2 tx in, 1 recipients/3 tx out; forwarded 114% of recorded inflow. Verify."
100000006656003100,peripheral,0.50,1,0.386615,"1 payers/1 tx in (20,000 KZT), 1 recipients/1 tx out (9,000 KZT); no strong role signal."
100000006658598100,terminal,0.82,3,0.307020,"No captured outflow at hop 1; 9,000 KZT from 1 payers/1 tx. Observed-sample terminal; verify."
100000006664478100,transit,0.68,8,0.672074,"Transit signs: 1 payers/3 tx in, 2 recipients/2 tx out; forwarded 109% of recorded inflow. Verify."
100000006679055100,terminal,0.82,2,0.414097,"No captured outflow at hop 2; 25,000 KZT from 1 payers/1 tx. Observed-sample terminal; verify."
100000006684930100,terminal,0.82,13,0.403282,"No captured outflow at hop 2; 10,000 KZT from 1 payers/1 tx. Observed-sample terminal; verify."
100000006687202100,terminal,0.82,0,0.386660,"No captured outflow at hop 1; 50,000 KZT from 1 payers/1 tx. Observed-sample terminal; verify."
100000006689603100,terminal,0.45,4,0.443469,"Hop 4: 400,000 KZT from 1 payers/2 tx, 0 captured recipients; depth-cutoff artifact possible; terminal status unproven."
100000006693788100,terminal,0.45,0,0.497741,"Hop 4: 10,764 KZT from 1 payers/1 tx, 0 captured recipients; depth-cutoff artifact possible; terminal status unproven."
100000006701983100,terminal,0.82,1,0.303950,"No captured outflow at hop 3; 27,000 KZT from 1 payers/1 tx. Observed-sample terminal; verify."
100000006704530100,transit,0.68,26,0.658233,"Transit signs: 1 payers/1 tx in, 3 recipients/5 tx out; forwarded 95% of recorded inflow. Verify."
100000006706519100,terminal,0.45,0,0.461693,"Hop 4: 36,000 KZT from 1 payers/3 tx, 0 captured recipients; depth-cutoff artifact possible; terminal status unproven."
100000006707582100,coordinator,0.76,7,0.901213,"Coordination signs: 2 payers/2 tx in, 14 recipients/15 tx out; betweenness p97, 6 seeds within 2 hops. Verify."
100000006710485100,terminal,0.82,1,0.288863,"No captured outflow at hop 3; 20,000 KZT from 1 payers/1 tx. Observed-sample terminal; verify."
100000006714366100,peripheral,0.50,13,0.493291,"1 payers/1 tx in (10,500 KZT), 1 recipients/1 tx out (5,000 KZT); no strong role signal."
100000006734214100,consolidator,0.72,6,0.856164,"Consolidation signs: 5 payers/10 tx, 610,000 KZT in; forwarded 6% of recorded inflow; verify."
100000006734554100,peripheral,0.50,28,0.579818,"1 payers/1 tx in (16,500 KZT), 1 recipients/1 tx out (25,000 KZT); no strong role signal."
100000006735545100,terminal,0.45,4,0.333656,"Hop 4: 5,000 KZT from 1 payers/1 tx, 0 captured recipients; depth-cutoff artifact possible; terminal status unproven."
100000006745291100,terminal,0.82,11,0.422219,"No captured outflow at hop 1; 82,534 KZT from 1 payers/1 tx. Observed-sample terminal; verify."
100000006746688100,terminal,0.82,1,0.323376,"No captured outflow at hop 3; 41,000 KZT from 1 payers/1 tx. Observed-sample terminal; verify."
100000006755850100,terminal,0.82,6,0.586838,"No captured outflow at hop 2; 443,476 KZT from 1 payers/3 tx. Observed-sample terminal; verify."
100000006756956100,terminal,0.45,0,0.460937,"Hop 4: 121,200 KZT from 1 payers/9 tx, 0 captured recipients; depth-cutoff artifact possible; terminal status unproven."
100000006787636100,terminal,0.82,3,0.488462,"No captured outflow at hop 2; 20,000 KZT from 1 payers/1 tx. Observed-sample terminal; verify."
100000006788200100,consolidator,0.72,8,0.833255,"Consolidation signs: 4 payers/4 tx, 272,156 KZT in; forwarded 24% of recorded inflow; verify."
100000006789108100,terminal,0.82,11,0.381231,"No captured outflow at hop 1; 37,500 KZT from 1 payers/1 tx. Observed-sample terminal; verify."
100000006831291100,peripheral,0.50,52,0.261449,"0 payers/0 tx in (0 KZT), 1 recipients/3 tx out (15,000 KZT); no strong role signal. Seed inflow is understated."
100000006844004100,terminal,0.82,0,0.506420,"No captured outflow at hop 3; 20,600 KZT from 1 payers/1 tx. Observed-sample terminal; verify."
100000006844768100,peripheral,0.50,0,0.768536,"1 payers/5 tx in (282,000 KZT), 2 recipients/5 tx out (188,000 KZT); no strong role signal."
100000006852430100,terminal,0.82,11,0.563741,"No captured outflow at hop 2; 37,000 KZT from 1 payers/1 tx. Observed-sample terminal; verify."
100000006866783100,coordinator,0.76,0,0.979740,"Coordination signs: 13 payers/31 tx in, 67 recipients/90 tx out; betweenness p100, 7 seeds within 2 hops. Verify. Seed inflow is understated."
100000006866831100,terminal,0.45,0,0.453282,"Hop 4: 16,500 KZT from 1 payers/1 tx, 0 captured recipients; depth-cutoff artifact possible; terminal status unproven."
100000006882208100,terminal,0.82,3,0.523643,"No captured outflow at hop 3; 18,000 KZT from 1 payers/1 tx. Observed-sample terminal; verify."
100000006888238100,peripheral,0.50,57,0.697942,"1 payers/1 tx in (18,000 KZT), 1 recipients/1 tx out (30,000 KZT); no strong role signal."
100000006889963100,consolidator,0.72,6,0.851090,"Consolidation signs: 4 payers/6 tx, 1,431,000 KZT in; forwarded 31% of recorded inflow; verify."
100000006894637100,terminal,0.82,0,0.308289,"No captured outflow at hop 3; 52,831 KZT from 1 payers/1 tx. Observed-sample terminal; verify."
100000006901046100,peripheral,0.50,3,0.637216,"1 payers/3 tx in (75,800 KZT), 1 recipients/1 tx out (5,500 KZT); no strong role signal."
100000006903193100,terminal,0.45,0,0.375712,"Hop 4: 9,000 KZT from 1 payers/1 tx, 0 captured recipients; depth-cutoff artifact possible; terminal status unproven."
100000006912294100,peripheral,0.50,17,0.678638,"1 payers/1 tx in (6,335 KZT), 2 recipients/2 tx out (30,000 KZT); no strong role signal."
100000006918814100,terminal,0.45,2,0.425178,"Hop 4: 20,000 KZT from 1 payers/2 tx, 0 captured recipients; depth-cutoff artifact possible; terminal status unproven."
100000006919124100,terminal,0.82,0,0.269304,"No captured outflow at hop 3; 25,000 KZT from 1 payers/1 tx. Observed-sample terminal; verify."
100000006952718100,terminal,0.82,3,0.374978,"No captured outflow at hop 1; 71,489 KZT from 1 payers/1 tx. Observed-sample terminal; verify."
100000006965162100,terminal,0.82,27,0.394604,"No captured outflow at hop 3; 10,000 KZT from 1 payers/1 tx. Observed-sample terminal; verify."
100000006967370100,peripheral,0.50,16,0.488685,"1 payers/1 tx in (33,225 KZT), 1 recipients/1 tx out (13,526 KZT); no strong role signal."
100000006972210100,terminal,0.82,17,0.644838,"No captured outflow at hop 1; 488,775 KZT from 3 payers/4 tx. Observed-sample terminal; verify."
100000006977207100,distributor,0.66,4,0.708778,"Fan-out signs: 15 recipients/15 tx, 4,157,018 KZT out; 1 payers/1 tx in. Verify."
100000006989106100,terminal,0.82,10,0.528249,"No captured outflow at hop 2; 64,000 KZT from 1 payers/2 tx. Observed-sample terminal; verify."
100000006989232100,terminal,0.82,0,0.274110,"No captured outflow at hop 3; 22,194 KZT from 1 payers/1 tx. Observed-sample terminal; verify."
100000006994985100,peripheral,0.50,8,0.687672,"1 payers/2 tx in (48,500 KZT), 1 recipients/2 tx out (10,200 KZT); no strong role signal."
100000007005380100,terminal,0.82,6,0.380251,"No captured outflow at hop 3; 9,400 KZT from 1 payers/1 tx. Observed-sample terminal; verify."
100000007018630100,peripheral,0.50,59,0.240376,"0 payers/0 tx in (0 KZT), 1 recipients/5 tx out (200,000 KZT); no strong role signal. Seed inflow is understated."
100000007020162100,terminal,0.82,14,0.396807,"No captured outflow at hop 3; 86,395 KZT from 1 payers/1 tx. Observed-sample terminal; verify."
100000007022818100,terminal,0.82,1,0.281854,"No captured outflow at hop 3; 17,200 KZT from 1 payers/1 tx. Observed-sample terminal; verify."
100000007034089100,terminal,0.45,5,0.531231,"Hop 4: 198,000 KZT from 2 payers/2 tx, 0 captured recipients; depth-cutoff artifact possible; terminal status unproven."
100000007042175100,terminal,0.45,0,0.500011,"Hop 4: 60,000 KZT from 1 payers/1 tx, 0 captured recipients; depth-cutoff artifact possible; terminal status unproven."
100000007055802100,consolidator,0.72,0,0.874455,"Consolidation signs: 6 payers/34 tx, 2,024,999 KZT in; forwarded 30% of recorded inflow; verify."
100000007071852100,terminal,0.45,4,0.477181,"Hop 4: 195,000 KZT from 1 payers/1 tx, 0 captured recipients; depth-cutoff artifact possible; terminal status unproven."
100000007129492100,transit,0.68,11,0.692768,"Transit signs: 2 payers/2 tx in, 1 recipients/1 tx out; forwarded 73% of recorded inflow. Verify."
100000007131370100,transit,0.68,15,0.580007,"Transit signs: 1 payers/1 tx in, 1 recipients/1 tx out; forwarded 100% of recorded inflow. Verify."
100000007138613100,consolidator,0.72,0,0.757466,"Consolidation signs: 3 payers/3 tx, 1,002,000 KZT in; forwarded 18% of recorded inflow; verify."
100000007140834100,terminal,0.82,8,0.528716,"No captured outflow at hop 3; 10,200 KZT from 1 payers/2 tx. Observed-sample terminal; verify."
100000007153161100,terminal,0.45,0,0.495739,"Hop 4: 44,997 KZT from 1 payers/1 tx, 0 captured recipients; depth-cutoff artifact possible; terminal status unproven."
100000007170072100,transit,0.68,4,0.571384,"Transit signs: 1 payers/1 tx in, 2 recipients/9 tx out; forwarded 100% of recorded inflow. Verify."
100000007173936100,terminal,0.82,29,0.308890,"No captured outflow at hop 2; 10,000 KZT from 1 payers/1 tx. Observed-sample terminal; verify."
100000007175718100,terminal,0.82,45,0.422308,"No captured outflow at hop 1; 20,000 KZT from 1 payers/1 tx. Observed-sample terminal; verify."
100000007181706100,terminal,0.82,2,0.589219,"No captured outflow at hop 1; 176,272 KZT from 2 payers/2 tx. Observed-sample terminal; verify."
100000007197866100,transit,0.68,4,0.453705,"Transit signs: 1 payers/1 tx in, 1 recipients/1 tx out; forwarded 75% of recorded inflow. Verify."
100000007229557100,terminal,0.82,20,0.595550,"No captured outflow at hop 3; 878,000 KZT from 3 payers/3 tx. Observed-sample terminal; verify."
100000007242833100,peripheral,0.50,12,0.713028,"1 payers/3 tx in (107,500 KZT), 1 recipients/2 tx out (45,000 KZT); no strong role signal."
100000007267915100,consolidator,0.72,16,0.473576,"Consolidation signs: 2 payers/3 tx, 21,000 KZT in; forwarded 48% of recorded inflow; verify."
100000007274584100,terminal,0.82,2,0.395516,"No captured outflow at hop 1; 38,000 KZT from 1 payers/1 tx. Observed-sample terminal; verify."
100000007281639100,terminal,0.82,3,0.595895,"No captured outflow at hop 1; 216,770 KZT from 2 payers/4 tx. Observed-sample terminal; verify."
100000007283257100,terminal,0.82,64,0.502615,"No captured outflow at hop 1; 192,000 KZT from 1 payers/7 tx. Observed-sample terminal; verify."
100000007289427100,terminal,0.82,2,0.496473,"No captured outflow at hop 2; 12,300 KZT from 1 payers/1 tx. Observed-sample terminal; verify."
100000007303047100,terminal,0.82,1,0.337795,"No captured outflow at hop 3; 52,250 KZT from 1 payers/1 tx. Observed-sample terminal; verify."
100000007311010100,consolidator,0.72,2,0.735703,"Consolidation signs: 2 payers/2 tx, 64,480 KZT in; forwarded 31% of recorded inflow; verify."
100000007322059100,transit,0.68,32,0.853004,"Transit signs: 2 payers/2 tx in, 1 recipients/2 tx out; forwarded 78% of recorded inflow. Verify."
100000007330432100,terminal,0.45,70,0.502548,"Hop 4: 584,900 KZT from 1 payers/1 tx, 0 captured recipients; depth-cutoff artifact possible; terminal status unproven."
100000007333038100,peripheral,0.50,9,0.519960,"1 payers/1 tx in (17,500 KZT), 2 recipients/2 tx out (34,994 KZT); no strong role signal."
100000007334196100,terminal,0.82,11,0.455596,"No captured outflow at hop 1; 150,002 KZT from 1 payers/1 tx. Observed-sample terminal; verify."
100000007337374100,terminal,0.82,1,0.368703,"No captured outflow at hop 2; 20,000 KZT from 1 payers/2 tx. Observed-sample terminal; verify."
100000007347733100,terminal,0.82,52,0.481520,"No captured outflow at hop 1; 23,007 KZT from 1 payers/1 tx. Observed-sample terminal; verify."
100000007357489100,terminal,0.45,5,0.514942,"Hop 4: 164,500 KZT from 2 payers/2 tx, 0 captured recipients; depth-cutoff artifact possible; terminal status unproven."
100000007381662100,terminal,0.45,0,0.417145,"Hop 4: 11,000 KZT from 1 payers/1 tx, 0 captured recipients; depth-cutoff artifact possible; terminal status unproven."
100000007382152100,terminal,0.82,0,0.327559,"No captured outflow at hop 2; 5,860 KZT from 1 payers/1 tx. Observed-sample terminal; verify."
100000007382543100,coordinator,0.76,27,0.924344,"Coordination signs: 3 payers/3 tx in, 5 recipients/8 tx out; betweenness p96, 1 seeds within 2 hops. Verify."
100000007390016100,peripheral,0.50,71,0.591355,"1 payers/13 tx in (511,000 KZT), 1 recipients/14 tx out (346,500 KZT); no strong role signal."
100000007392365100,coordinator,0.76,40,0.464486,"Coordination signs: 1 payers/1 tx in, 6 recipients/9 tx out; betweenness p94, 0 seeds within 2 hops. Verify."
100000007442518100,coordinator,0.76,29,0.919359,"Coordination signs: 5 payers/8 tx in, 9 recipients/12 tx out; betweenness p96, 1 seeds within 2 hops. Verify."
100000007472293100,distributor,0.66,47,0.452826,"Fan-out signs: 3 recipients/3 tx, 345,900 KZT out; 1 payers/1 tx in. Verify."
100000007484343100,terminal,0.82,0,0.405997,"No captured outflow at hop 3; 26,757 KZT from 2 payers/2 tx. Observed-sample terminal; verify."
100000007487729100,terminal,0.82,0,0.339931,"No captured outflow at hop 3; 25,000 KZT from 1 payers/1 tx. Observed-sample terminal; verify."
100000007507343100,terminal,0.82,51,0.565365,"No captured outflow at hop 1; 370,000 KZT from 1 payers/1 tx. Observed-sample terminal; verify."
100000007510567100,terminal,0.45,7,0.385058,"Hop 4: 52,000 KZT from 1 payers/1 tx, 0 captured recipients; depth-cutoff artifact possible; terminal status unproven."
100000007510875100,terminal,0.82,17,0.447408,"No captured outflow at hop 3; 5,000 KZT from 1 payers/1 tx. Observed-sample terminal; verify."
100000007511163100,transit,0.68,3,0.799833,"Transit signs: 2 payers/2 tx in, 3 recipients/3 tx out; forwarded 129% of recorded inflow. Verify."
100000007511780100,terminal,0.45,31,0.513095,"Hop 4: 155,000 KZT from 1 payers/2 tx, 0 captured recipients; depth-cutoff artifact possible; terminal status unproven."
100000007534354100,distributor,0.66,9,0.581976,"Fan-out signs: 3 recipients/3 tx, 147,810 KZT out; 1 payers/1 tx in. Verify."
100000007536804100,peripheral,0.50,10,0.509235,"1 payers/1 tx in (100,000 KZT), 2 recipients/2 tx out (55,000 KZT); no strong role signal."
100000007539296100,terminal,0.45,6,0.512161,"Hop 4: 46,000 KZT from 1 payers/2 tx, 0 captured recipients; depth-cutoff artifact possible; terminal status unproven."
100000007544358100,transit,0.68,3,0.748531,"Transit signs: 2 payers/2 tx in, 1 recipients/3 tx out; forwarded 109% of recorded inflow. Verify."
100000007591246100,peripheral,0.50,13,0.497797,"1 payers/1 tx in (12,190 KZT), 1 recipients/1 tx out (120,000 KZT); no strong role signal."
100000007593823100,coordinator,0.76,0,0.697107,"Coordination signs: 3 payers/3 tx in, 13 recipients/21 tx out; betweenness p97, 1 seeds within 2 hops. Verify."
100000007594394100,peripheral,0.50,18,0.847174,"6 payers/6 tx in (395,385 KZT), 1 recipients/40 tx out (3,376,312 KZT); no strong role signal."
100000007597382100,terminal,0.82,6,0.260625,"No captured outflow at hop 3; 15,700 KZT from 1 payers/1 tx. Observed-sample terminal; verify."
100000007617808100,terminal,0.82,3,0.511404,"No captured outflow at hop 2; 450,000 KZT from 1 payers/1 tx. Observed-sample terminal; verify."
100000007618425100,terminal,0.82,16,0.345538,"No captured outflow at hop 3; 39,348 KZT from 1 payers/1 tx. Observed-sample terminal; verify."
100000007629096100,transit,0.68,31,0.902748,"Transit signs: 4 payers/5 tx in, 1 recipients/5 tx out; forwarded 71% of recorded inflow. Verify."
100000007629121100,terminal,0.82,2,0.506486,"No captured outflow at hop 2; 29,000 KZT from 1 payers/1 tx. Observed-sample terminal; verify."
100000007631637100,terminal,0.82,1,0.331587,"No captured outflow at hop 1; 15,341 KZT from 1 payers/1 tx. Observed-sample terminal; verify."
100000007639767100,coordinator,0.76,31,0.800478,"Coordination signs: 4 payers/4 tx in, 10 recipients/13 tx out; betweenness p98, 3 seeds within 2 hops. Verify."
100000007641183100,terminal,0.82,3,0.328249,"No captured outflow at hop 1; 28,000 KZT from 1 payers/1 tx. Observed-sample terminal; verify."
100000007641801100,terminal,0.82,10,0.397207,"No captured outflow at hop 1; 200,000 KZT from 1 payers/1 tx. Observed-sample terminal; verify."
100000007647294100,terminal,0.82,34,0.516433,"No captured outflow at hop 3; 385,000 KZT from 1 payers/1 tx. Observed-sample terminal; verify."
100000007648946100,transit,0.68,13,0.379139,"Transit signs: 1 payers/1 tx in, 1 recipients/1 tx out; forwarded 128% of recorded inflow. Verify."
100000007653003100,terminal,0.82,16,0.374510,"No captured outflow at hop 3; 100,000 KZT from 1 payers/1 tx. Observed-sample terminal; verify."
100000007653094100,terminal,0.45,13,0.515765,"Hop 4: 16,000 KZT from 1 payers/1 tx, 0 captured recipients; depth-cutoff artifact possible; terminal status unproven."
100000007689942100,peripheral,0.50,18,0.708534,"1 payers/1 tx in (5,000 KZT), 2 recipients/2 tx out (25,000 KZT); no strong role signal."
100000007731977100,terminal,0.45,0,0.495383,"Hop 4: 50,000 KZT from 1 payers/1 tx, 0 captured recipients; depth-cutoff artifact possible; terminal status unproven."
100000007737775100,terminal,0.82,11,0.379984,"No captured outflow at hop 3; 6,000 KZT from 1 payers/1 tx. Observed-sample terminal; verify."
100000007745062100,terminal,0.45,12,0.522174,"Hop 4: 100,000 KZT from 1 payers/1 tx, 0 captured recipients; depth-cutoff artifact possible; terminal status unproven."
100000007747786100,distributor,0.66,10,0.295761,"Fan-out signs: 31 recipients/35 tx, 4,238,009 KZT out; 0 payers/0 tx in. Verify. Seed inflow is understated."
100000007749092100,peripheral,0.50,69,0.631876,"1 payers/1 tx in (7,650 KZT), 1 recipients/5 tx out (70,375 KZT); no strong role signal."
100000007749747100,terminal,0.45,5,0.477314,"Hop 4: 50,000 KZT from 1 payers/1 tx, 0 captured recipients; depth-cutoff artifact possible; terminal status unproven."
100000007754369100,terminal,0.82,0,0.330585,"No captured outflow at hop 3; 82,424 KZT from 1 payers/1 tx. Observed-sample terminal; verify."
100000007777377100,coordinator,0.76,3,0.708289,"Coordination signs: 1 payers/7 tx in, 2 recipients/2 tx out; betweenness p95, 2 seeds within 2 hops. Verify."
100000007793871100,terminal,0.82,7,0.527381,"No captured outflow at hop 3; 26,000 KZT from 1 payers/3 tx. Observed-sample terminal; verify."
100000007797290100,peripheral,0.50,0,0.588729,"1 payers/1 tx in (100,000 KZT), 1 recipients/1 tx out (20,000 KZT); no strong role signal."
100000007811950100,terminal,0.45,25,0.506954,"Hop 4: 50,000 KZT from 1 payers/1 tx, 0 captured recipients; depth-cutoff artifact possible; terminal status unproven."
100000007841978100,terminal,0.45,6,0.488796,"Hop 4: 449,000 KZT from 1 payers/1 tx, 0 captured recipients; depth-cutoff artifact possible; terminal status unproven."
100000007861311100,terminal,0.82,10,0.489130,"No captured outflow at hop 2; 45,000 KZT from 1 payers/1 tx. Observed-sample terminal; verify."
100000007863304100,terminal,0.82,6,0.263629,"No captured outflow at hop 3; 25,000 KZT from 1 payers/1 tx. Observed-sample terminal; verify."
100000007864477100,distributor,0.66,0,0.746228,"Fan-out signs: 6 recipients/10 tx, 203,500 KZT out; 2 payers/2 tx in. Verify."
100000007865484100,terminal,0.45,40,0.452214,"Hop 4: 584,600 KZT from 1 payers/2 tx, 0 captured recipients; depth-cutoff artifact possible; terminal status unproven."
100000007867364100,terminal,0.45,18,0.478115,"Hop 4: 41,852 KZT from 1 payers/1 tx, 0 captured recipients; depth-cutoff artifact possible; terminal status unproven."
100000007898453100,peripheral,0.50,2,0.648186,"1 payers/1 tx in (24,750 KZT), 2 recipients/2 tx out (320,000 KZT); no strong role signal."
100000007908818100,coordinator,0.76,2,0.901124,"Coordination signs: 4 payers/4 tx in, 6 recipients/13 tx out; betweenness p95, 4 seeds within 2 hops. Verify."
100000007930878100,terminal,0.82,43,0.525312,"No captured outflow at hop 2; 5,000 KZT from 1 payers/1 tx. Observed-sample terminal; verify."
100000007938486100,terminal,0.82,1,0.379918,"No captured outflow at hop 1; 39,500 KZT from 1 payers/1 tx. Observed-sample terminal; verify."
100000007939160100,peripheral,0.50,43,0.713451,"1 payers/2 tx in (795,000 KZT), 2 recipients/2 tx out (14,300 KZT); no strong role signal."
100000007953156100,peripheral,0.50,14,0.684880,"1 payers/1 tx in (18,000 KZT), 1 recipients/1 tx out (10,000 KZT); no strong role signal."
100000007960337100,terminal,0.45,4,0.379317,"Hop 4: 35,500 KZT from 1 payers/1 tx, 0 captured recipients; depth-cutoff artifact possible; terminal status unproven."
100000007982728100,distributor,0.66,8,0.292668,"Fan-out signs: 8 recipients/12 tx, 1,804,384 KZT out; 0 payers/0 tx in. Verify. Seed inflow is understated."
100000007982908100,terminal,0.82,1,0.392735,"No captured outflow at hop 2; 31,080 KZT from 1 payers/1 tx. Observed-sample terminal; verify."
100000007988344100,terminal,0.45,0,0.460625,"Hop 4: 20,000 KZT from 1 payers/3 tx, 0 captured recipients; depth-cutoff artifact possible; terminal status unproven."
100000007997939100,terminal,0.45,5,0.446874,"Hop 4: 13,000 KZT from 1 payers/1 tx, 0 captured recipients; depth-cutoff artifact possible; terminal status unproven."
100000007998965100,consolidator,0.72,7,0.826480,"Consolidation signs: 5 payers/7 tx, 278,000 KZT in; forwarded 9% of recorded inflow; verify."
100000007999728100,terminal,0.82,14,0.325912,"No captured outflow at hop 3; 23,250 KZT from 1 payers/1 tx. Observed-sample terminal; verify."
100000008002020100,peripheral,0.50,12,0.542768,"1 payers/1 tx in (73,860 KZT), 1 recipients/1 tx out (17,000 KZT); no strong role signal."
100000008003034100,coordinator,0.76,13,0.542735,"Coordination signs: 1 payers/1 tx in, 4 recipients/4 tx out; betweenness p98, 2 seeds within 2 hops. Verify."
100000008008463100,terminal,0.82,8,0.391400,"No captured outflow at hop 2; 54,180 KZT from 1 payers/1 tx. Observed-sample terminal; verify."
100000008011159100,coordinator,0.76,41,0.881865,"Coordination signs: 3 payers/6 tx in, 5 recipients/5 tx out; betweenness p94, 2 seeds within 2 hops. Verify."
100000008011573100,terminal,0.82,16,0.295806,"No captured outflow at hop 3; 15,000 KZT from 1 payers/1 tx. Observed-sample terminal; verify."
100000008027922100,terminal,0.45,22,0.487995,"Hop 4: 70,000 KZT from 1 payers/1 tx, 0 captured recipients; depth-cutoff artifact possible; terminal status unproven."
100000008028628100,terminal,0.82,1,0.399410,"No captured outflow at hop 1; 57,224 KZT from 1 payers/1 tx. Observed-sample terminal; verify."
100000008029279100,terminal,0.82,4,0.293870,"No captured outflow at hop 3; 17,000 KZT from 1 payers/1 tx. Observed-sample terminal; verify."
100000008038077100,terminal,0.82,6,0.376113,"No captured outflow at hop 3; 499,850 KZT from 1 payers/2 tx. Observed-sample terminal; verify."
100000008042075100,terminal,0.82,23,0.323109,"No captured outflow at hop 3; 5,000 KZT from 1 payers/1 tx. Observed-sample terminal; verify."
100000008043184100,terminal,0.82,16,0.335525,"No captured outflow at hop 3; 50,564 KZT from 1 payers/1 tx. Observed-sample terminal; verify."
100000008050986100,terminal,0.45,6,0.400545,"Hop 4: 95,000 KZT from 1 payers/2 tx, 0 captured recipients; depth-cutoff artifact possible; terminal status unproven."
100000008055972100,terminal,0.82,1,0.305752,"No captured outflow at hop 3; 28,300 KZT from 1 payers/1 tx. Observed-sample terminal; verify."
100000008060273100,terminal,0.82,2,0.425423,"No captured outflow at hop 2; 10,000 KZT from 1 payers/2 tx. Observed-sample terminal; verify."
100000008066326100,terminal,0.82,0,0.337061,"No captured outflow at hop 1; 19,320 KZT from 1 payers/1 tx. Observed-sample terminal; verify."
100000008070101100,terminal,0.82,5,0.328983,"No captured outflow at hop 3; 100,000 KZT from 1 payers/1 tx. Observed-sample terminal; verify."
100000008071620100,terminal,0.82,0,0.382721,"No captured outflow at hop 1; 46,968 KZT from 1 payers/1 tx. Observed-sample terminal; verify."
100000008071749100,terminal,0.45,7,0.345004,"Hop 4: 24,943 KZT from 1 payers/1 tx, 0 captured recipients; depth-cutoff artifact possible; terminal status unproven."
100000008074304100,terminal,0.45,6,0.429918,"Hop 4: 5,500 KZT from 1 payers/1 tx, 0 captured recipients; depth-cutoff artifact possible; terminal status unproven."
100000008077552100,terminal,0.82,4,0.426446,"No captured outflow at hop 3; 214,000 KZT from 1 payers/1 tx. Observed-sample terminal; verify."
100000008086440100,coordinator,0.76,0,0.681030,"Coordination signs: 1 payers/1 tx in, 5 recipients/6 tx out; betweenness p95, 1 seeds within 2 hops. Verify."
100000008088082100,transit,0.68,13,0.563117,"Transit signs: 1 payers/1 tx in, 1 recipients/1 tx out; forwarded 128% of recorded inflow. Verify."
100000008094734100,terminal,0.82,0,0.650857,"No captured outflow at hop 1; 236,249 KZT from 4 payers/4 tx. Observed-sample terminal; verify."
100000008097580100,terminal,0.82,4,0.637906,"No captured outflow at hop 3; 32,000 KZT from 2 payers/4 tx. Observed-sample terminal; verify."
100000008104567100,coordinator,0.76,7,0.908122,"Coordination signs: 3 payers/3 tx in, 3 recipients/4 tx out; betweenness p99, 2 seeds within 2 hops. Verify."
100000008106997100,peripheral,0.50,0,0.712472,"2 payers/2 tx in (35,600 KZT), 1 recipients/1 tx out (20,600 KZT); no strong role signal."
100000008111003100,coordinator,0.76,0,0.882032,"Coordination signs: 6 payers/9 tx in, 1 recipients/1 tx out; betweenness p98, 2 seeds within 2 hops. Verify."
100000008116374100,terminal,0.82,3,0.334657,"No captured outflow at hop 1; 31,284 KZT from 1 payers/1 tx. Observed-sample terminal; verify."
100000008117324100,peripheral,0.50,86,0.198698,"0 payers/0 tx in (0 KZT), 0 recipients/0 tx out (0 KZT); no strong role signal. Seed inflow is understated."
100000008121806100,coordinator,0.76,4,0.624599,"Coordination signs: 1 payers/1 tx in, 4 recipients/6 tx out; betweenness p98, 1 seeds within 2 hops. Verify."
100000008129393100,terminal,0.82,52,0.441867,"No captured outflow at hop 1; 10,000 KZT from 1 payers/1 tx. Observed-sample terminal; verify."
100000008130868100,terminal,0.45,9,0.478382,"Hop 4: 22,782 KZT from 1 payers/1 tx, 0 captured recipients; depth-cutoff artifact possible; terminal status unproven."
100000008136608100,terminal,0.45,7,0.514163,"Hop 4: 170,000 KZT from 1 payers/1 tx, 0 captured recipients; depth-cutoff artifact possible; terminal status unproven."
100000008137435100,coordinator,0.76,22,0.791266,"Coordination signs: 2 payers/2 tx in, 6 recipients/7 tx out; betweenness p97, 2 seeds within 2 hops. Verify."
100000008141170100,terminal,0.82,3,0.563496,"No captured outflow at hop 2; 11,000 KZT from 1 payers/1 tx. Observed-sample terminal; verify."
100000008144528100,terminal,0.82,3,0.746328,"No captured outflow at hop 2; 1,068,203 KZT from 5 payers/13 tx. Observed-sample terminal; verify."
100000008151098100,terminal,0.45,26,0.394938,"Hop 4: 30,000 KZT from 1 payers/1 tx, 0 captured recipients; depth-cutoff artifact possible; terminal status unproven."
100000008165763100,coordinator,0.76,2,0.973943,"Coordination signs: 15 payers/26 tx in, 17 recipients/17 tx out; betweenness p97, 7 seeds within 2 hops. Verify."
100000008168850100,terminal,0.45,6,0.498676,"Hop 4: 187,910 KZT from 1 payers/2 tx, 0 captured recipients; depth-cutoff artifact possible; terminal status unproven."
100000008169544100,distributor,0.66,3,0.604573,"Fan-out signs: 4 recipients/7 tx, 42,800 KZT out; 1 payers/2 tx in. Verify."
100000008172352100,coordinator,0.76,32,0.865020,"Coordination signs: 3 payers/3 tx in, 7 recipients/8 tx out; betweenness p96, 3 seeds within 2 hops. Verify."
100000008172721100,terminal,0.45,4,0.464764,"Hop 4: 168,335 KZT from 1 payers/1 tx, 0 captured recipients; depth-cutoff artifact possible; terminal status unproven."
100000008173359100,terminal,0.82,3,0.303683,"No captured outflow at hop 1; 6,110 KZT from 1 payers/1 tx. Observed-sample terminal; verify."
100000008174521100,terminal,0.82,3,0.518369,"No captured outflow at hop 2; 82,110 KZT from 1 payers/1 tx. Observed-sample terminal; verify."
100000008175078100,terminal,0.45,35,0.481186,"Hop 4: 1,846,711 KZT from 1 payers/15 tx, 0 captured recipients; depth-cutoff artifact possible; terminal status unproven."
100000008183752100,terminal,0.45,20,0.494137,"Hop 4: 140,000 KZT from 1 payers/1 tx, 0 captured recipients; depth-cutoff artifact possible; terminal status unproven."
100000008188026100,distributor,0.66,15,0.716589,"Fan-out signs: 4 recipients/4 tx, 337,983 KZT out; 2 payers/5 tx in. Verify."
100000008190411100,terminal,0.45,5,0.471573,"Hop 4: 198,450 KZT from 1 payers/12 tx, 0 captured recipients; depth-cutoff artifact possible; terminal status unproven."
100000008190442100,terminal,0.82,1,0.275178,"No captured outflow at hop 3; 13,000 KZT from 1 payers/1 tx. Observed-sample terminal; verify."
100000008192264100,transit,0.68,6,0.465988,"Transit signs: 1 payers/1 tx in, 1 recipients/2 tx out; forwarded 115% of recorded inflow. Verify."
100000008193258100,peripheral,0.50,16,0.509780,"1 payers/2 tx in (75,000 KZT), 1 recipients/1 tx out (30,000 KZT); no strong role signal."
100000008193577100,distributor,0.66,42,0.854918,"Fan-out signs: 5 recipients/16 tx, 480,180 KZT out; 2 payers/6 tx in. Verify."
100000008200810100,terminal,0.82,9,0.392935,"No captured outflow at hop 3; 475,000 KZT from 1 payers/1 tx. Observed-sample terminal; verify."
100000008205000100,peripheral,0.50,87,0.198698,"0 payers/0 tx in (0 KZT), 0 recipients/0 tx out (0 KZT); no strong role signal. Seed inflow is understated."
100000008205937100,terminal,0.82,13,0.470305,"No captured outflow at hop 2; 35,000 KZT from 1 payers/3 tx. Observed-sample terminal; verify."
100000008213966100,peripheral,0.50,27,0.924566,"3 payers/7 tx in (187,004 KZT), 1 recipients/8 tx out (436,900 KZT); no strong role signal."
100000008219168100,terminal,0.82,10,0.328649,"No captured outflow at hop 1; 53,200 KZT from 1 payers/2 tx. Observed-sample terminal; verify."
100000008221543100,terminal,0.82,16,0.607532,"No captured outflow at hop 1; 542,000 KZT from 2 payers/2 tx. Observed-sample terminal; verify."
100000008221765100,terminal,0.45,6,0.504684,"Hop 4: 156,354 KZT from 1 payers/1 tx, 0 captured recipients; depth-cutoff artifact possible; terminal status unproven."
100000008223661100,coordinator,0.76,37,0.799188,"Coordination signs: 2 payers/2 tx in, 5 recipients/5 tx out; betweenness p97, 3 seeds within 2 hops. Verify."
100000008223756100,terminal,0.82,4,0.557399,"No captured outflow at hop 3; 331,682 KZT from 2 payers/2 tx. Observed-sample terminal; verify."
100000008229700100,peripheral,0.50,12,0.475579,"1 payers/1 tx in (23,500 KZT), 1 recipients/1 tx out (7,200 KZT); no strong role signal."
100000008232832100,peripheral,0.50,37,0.597252,"1 payers/2 tx in (337,000 KZT), 1 recipients/1 tx out (138,000 KZT); no strong role signal."
100000008237827100,terminal,0.82,2,0.398587,"No captured outflow at hop 1; 40,001 KZT from 1 payers/1 tx. Observed-sample terminal; verify."
100000008238112100,terminal,0.82,6,0.322040,"No captured outflow at hop 3; 190,000 KZT from 1 payers/1 tx. Observed-sample terminal; verify."
100000008238989100,terminal,0.82,22,0.462761,"No captured outflow at hop 2; 200,000 KZT from 1 payers/2 tx. Observed-sample terminal; verify."
100000008244300100,terminal,0.82,6,0.695438,"No captured outflow at hop 1; 65,430 KZT from 5 payers/6 tx. Observed-sample terminal; verify."
100000008251939100,terminal,0.45,7,0.377181,"Hop 4: 44,360 KZT from 1 payers/1 tx, 0 captured recipients; depth-cutoff artifact possible; terminal status unproven."
100000008254069100,distributor,0.66,19,0.713184,"Fan-out signs: 5 recipients/6 tx, 107,500 KZT out; 1 payers/2 tx in. Verify."
100000008254576100,peripheral,0.50,34,0.480263,"1 payers/1 tx in (8,000 KZT), 1 recipients/1 tx out (60,000 KZT); no strong role signal."
100000008255655100,terminal,0.45,16,0.496273,"Hop 4: 5,400 KZT from 1 payers/1 tx, 0 captured recipients; depth-cutoff artifact possible; terminal status unproven."
100000008258083100,peripheral,0.50,29,0.884479,"2 payers/13 tx in (3,149,500 KZT), 2 recipients/6 tx out (2,045,650 KZT); no strong role signal."
100000008258458100,peripheral,0.50,63,0.498420,"1 payers/1 tx in (19,000 KZT), 2 recipients/4 tx out (1,557,988 KZT); no strong role signal."
100000008259451100,terminal,0.82,14,0.373976,"No captured outflow at hop 3; 55,000 KZT from 1 payers/1 tx. Observed-sample terminal; verify."
100000008279405100,terminal,0.82,4,0.430585,"No captured outflow at hop 3; 234,738 KZT from 1 payers/2 tx. Observed-sample terminal; verify."
100000008283183100,terminal,0.82,1,0.388462,"No captured outflow at hop 2; 29,000 KZT from 1 payers/1 tx. Observed-sample terminal; verify."
100000008289539100,terminal,0.82,15,0.349878,"No captured outflow at hop 2; 14,912 KZT from 1 payers/1 tx. Observed-sample terminal; verify."
100000008293431100,distributor,0.66,0,0.456019,"Fan-out signs: 5 recipients/7 tx, 297,000 KZT out; 1 payers/1 tx in. Verify."
100000008295429100,terminal,0.82,6,0.355151,"No captured outflow at hop 3; 352,000 KZT from 1 payers/1 tx. Observed-sample terminal; verify."
100000008297199100,terminal,0.82,0,0.353549,"No captured outflow at hop 3; 42,268 KZT from 1 payers/1 tx. Observed-sample terminal; verify."
100000008304115100,terminal,0.82,12,0.380719,"No captured outflow at hop 1; 51,000 KZT from 1 payers/1 tx. Observed-sample terminal; verify."
100000008304139100,coordinator,0.76,2,0.838329,"Coordination signs: 4 payers/4 tx in, 24 recipients/43 tx out; betweenness p99, 7 seeds within 2 hops. Verify."
100000008306857100,terminal,0.82,9,0.320705,"No captured outflow at hop 3; 125,000 KZT from 1 payers/1 tx. Observed-sample terminal; verify."
100000008308418100,terminal,0.45,0,0.474377,"Hop 4: 50,000 KZT from 1 payers/1 tx, 0 captured recipients; depth-cutoff artifact possible; terminal status unproven."
100000008309514100,terminal,0.82,1,0.281854,"No captured outflow at hop 3; 17,200 KZT from 1 payers/1 tx. Observed-sample terminal; verify."
100000008314203100,consolidator,0.62,37,0.720483,"Consolidation signs: 2 payers/10 tx, 382,076 KZT observed in, 2 recipients; seed inflow is understated. Verify."
100000008314863100,terminal,0.82,2,0.490665,"No captured outflow at hop 3; 12,000 KZT from 1 payers/1 tx. Observed-sample terminal; verify."
100000008321975100,terminal,0.45,21,0.381186,"Hop 4: 5,900 KZT from 1 payers/1 tx, 0 captured recipients; depth-cutoff artifact possible; terminal status unproven."
100000008324800100,transit,0.68,71,0.896417,"Transit signs: 3 payers/17 tx in, 1 recipients/13 tx out; forwarded 97% of recorded inflow. Verify."
100000008327791100,terminal,0.45,16,0.501613,"Hop 4: 11,000 KZT from 1 payers/1 tx, 0 captured recipients; depth-cutoff artifact possible; terminal status unproven."
100000008331280100,terminal,0.45,26,0.413629,"Hop 4: 41,000 KZT from 1 payers/2 tx, 0 captured recipients; depth-cutoff artifact possible; terminal status unproven."
100000008332511100,terminal,0.82,9,0.541934,"No captured outflow at hop 3; 100,000 KZT from 1 payers/1 tx. Observed-sample terminal; verify."
100000008333492100,terminal,0.45,47,0.476380,"Hop 4: 216,400 KZT from 1 payers/1 tx, 0 captured recipients; depth-cutoff artifact possible; terminal status unproven."
100000008335401100,terminal,0.82,7,0.550812,"No captured outflow at hop 2; 150,000 KZT from 1 payers/3 tx. Observed-sample terminal; verify."
100000008336318100,terminal,0.45,5,0.424310,"Hop 4: 170,000 KZT from 1 payers/1 tx, 0 captured recipients; depth-cutoff artifact possible; terminal status unproven."
100000008337304100,terminal,0.45,4,0.444737,"Hop 4: 105,465 KZT from 1 payers/2 tx, 0 captured recipients; depth-cutoff artifact possible; terminal status unproven."
100000008343415100,terminal,0.45,4,0.475178,"Hop 4: 100,000 KZT from 1 payers/3 tx, 0 captured recipients; depth-cutoff artifact possible; terminal status unproven."
100000008343874100,peripheral,0.50,4,0.684735,"2 payers/2 tx in (283,535 KZT), 2 recipients/5 tx out (176,400 KZT); no strong role signal."
100000008346837100,coordinator,0.76,13,0.950801,"Coordination signs: 9 payers/12 tx in, 25 recipients/26 tx out; betweenness p100, 11 seeds within 2 hops. Verify."
100000008349675100,transit,0.68,10,0.457221,"Transit signs: 1 payers/1 tx in, 1 recipients/2 tx out; forwarded 79% of recorded inflow. Verify."
100000008349740100,terminal,0.45,35,0.328583,"Hop 4: 70,000 KZT from 1 payers/2 tx, 0 captured recipients; depth-cutoff artifact possible; terminal status unproven."
100000008352542100,terminal,0.82,2,0.470171,"No captured outflow at hop 2; 50,220 KZT from 1 payers/1 tx. Observed-sample terminal; verify."
100000008356606100,terminal,0.82,13,0.675490,"No captured outflow at hop 2; 168,500 KZT from 2 payers/2 tx. Observed-sample terminal; verify."
100000008376089100,terminal,0.82,29,0.419304,"No captured outflow at hop 2; 135,000 KZT from 1 payers/1 tx. Observed-sample terminal; verify."
100000008376785100,terminal,0.45,6,0.496807,"Hop 4: 234,250 KZT from 1 payers/2 tx, 0 captured recipients; depth-cutoff artifact possible; terminal status unproven."
100000008379273100,coordinator,0.76,7,0.758000,"Coordination signs: 2 payers/2 tx in, 4 recipients/4 tx out; betweenness p98, 4 seeds within 2 hops. Verify."
100000008383405100,terminal,0.82,23,0.428916,"No captured outflow at hop 1; 25,000 KZT from 1 payers/2 tx. Observed-sample terminal; verify."
100000008388049100,terminal,0.82,9,0.394404,"No captured outflow at hop 3; 496,400 KZT from 1 payers/1 tx. Observed-sample terminal; verify."
100000008389800100,coordinator,0.76,3,0.889152,"Coordination signs: 3 payers/3 tx in, 7 recipients/8 tx out; betweenness p95, 2 seeds within 2 hops. Verify."
100000008405209100,terminal,0.82,16,0.340065,"No captured outflow at hop 3; 54,400 KZT from 1 payers/1 tx. Observed-sample terminal; verify."
100000008406609100,terminal,0.82,19,0.536504,"No captured outflow at hop 2; 34,000 KZT from 1 payers/1 tx. Observed-sample terminal; verify."
100000008413748100,coordinator,0.76,16,0.858311,"Coordination signs: 2 payers/2 tx in, 18 recipients/21 tx out; betweenness p98, 3 seeds within 2 hops. Verify."
100000008416433100,terminal,0.82,14,0.317768,"No captured outflow at hop 3; 20,000 KZT from 1 payers/1 tx. Observed-sample terminal; verify."
100000008417029100,terminal,0.82,5,0.389197,"No captured outflow at hop 3; 100,000 KZT from 1 payers/1 tx. Observed-sample terminal; verify."
100000008417359100,peripheral,0.50,16,0.375356,"1 payers/2 tx in (40,810 KZT), 2 recipients/3 tx out (110,760 KZT); no strong role signal."
100000008418835100,coordinator,0.76,15,0.770082,"Coordination signs: 1 payers/67 tx in, 4 recipients/6 tx out; betweenness p97, 3 seeds within 2 hops. Verify. Seed inflow is understated."
100000008418934100,terminal,0.82,17,0.457621,"No captured outflow at hop 2; 360,000 KZT from 1 payers/1 tx. Observed-sample terminal; verify."
100000008422226100,terminal,0.82,0,0.310559,"No captured outflow at hop 3; 87,450 KZT from 1 payers/1 tx. Observed-sample terminal; verify."
100000008427027100,terminal,0.82,2,0.509490,"No captured outflow at hop 3; 300,000 KZT from 1 payers/1 tx. Observed-sample terminal; verify."
100000008430691100,peripheral,0.50,70,0.558656,"1 payers/1 tx in (20,000 KZT), 2 recipients/2 tx out (604,900 KZT); no strong role signal."
100000008432942100,terminal,0.82,0,0.279317,"No captured outflow at hop 3; 44,542 KZT from 1 payers/2 tx. Observed-sample terminal; verify."
100000008436257100,terminal,0.82,16,0.454328,"No captured outflow at hop 3; 35,000 KZT from 2 payers/2 tx. Observed-sample terminal; verify."
100000008438656100,consolidator,0.72,2,0.697664,"Consolidation signs: 2 payers/2 tx, 80,000 KZT in; forwarded 6% of recorded inflow; verify."
100000008443341100,coordinator,0.76,0,0.886170,"Coordination signs: 2 payers/2 tx in, 3 recipients/4 tx out; betweenness p97, 1 seeds within 2 hops. Verify."
100000008454065100,terminal,0.82,14,0.327381,"No captured outflow at hop 3; 24,050 KZT from 1 payers/1 tx. Observed-sample terminal; verify."
100000008459449100,terminal,0.82,0,0.366500,"No captured outflow at hop 3; 53,700 KZT from 1 payers/1 tx. Observed-sample terminal; verify."
100000008460102100,coordinator,0.76,7,0.648053,"Coordination signs: 1 payers/1 tx in, 31 recipients/34 tx out; betweenness p98, 2 seeds within 2 hops. Verify."
100000008461217100,terminal,0.45,50,0.506553,"Hop 4: 18,000 KZT from 1 payers/1 tx, 0 captured recipients; depth-cutoff artifact possible; terminal status unproven."
100000008461532100,coordinator,0.76,26,0.894982,"Coordination signs: 2 payers/2 tx in, 8 recipients/9 tx out; betweenness p96, 1 seeds within 2 hops. Verify."
100000008463968100,terminal,0.82,1,0.270105,"No captured outflow at hop 3; 10,000 KZT from 1 payers/1 tx. Observed-sample terminal; verify."
100000008465789100,coordinator,0.76,5,0.583767,"Coordination signs: 1 payers/1 tx in, 16 recipients/17 tx out; betweenness p98, 2 seeds within 2 hops. Verify."
100000008466579100,coordinator,0.76,5,0.845294,"Coordination signs: 2 payers/2 tx in, 17 recipients/20 tx out; betweenness p98, 5 seeds within 2 hops. Verify."
100000008468762100,terminal,0.82,20,0.508934,"No captured outflow at hop 3; 170,000 KZT from 2 payers/2 tx. Observed-sample terminal; verify."
100000008469048100,terminal,0.45,0,0.516567,"Hop 4: 265,200 KZT from 1 payers/7 tx, 0 captured recipients; depth-cutoff artifact possible; terminal status unproven."
100000008470470100,terminal,0.82,1,0.370305,"No captured outflow at hop 1; 33,547 KZT from 1 payers/1 tx. Observed-sample terminal; verify."
100000008471634100,terminal,0.45,25,0.542067,"Hop 4: 20,000 KZT from 1 payers/1 tx, 0 captured recipients; depth-cutoff artifact possible; terminal status unproven."
100000008472324100,terminal,0.82,6,0.326179,"No captured outflow at hop 3; 205,200 KZT from 1 payers/1 tx. Observed-sample terminal; verify."
100000008473207100,terminal,0.82,2,0.574288,"No captured outflow at hop 2; 202,000 KZT from 1 payers/4 tx. Observed-sample terminal; verify."
100000008473765100,terminal,0.82,4,0.321506,"No captured outflow at hop 3; 30,000 KZT from 1 payers/1 tx. Observed-sample terminal; verify."
100000008474308100,transit,0.68,0,0.560714,"Transit signs: 1 payers/2 tx in, 1 recipients/1 tx out; forwarded 71% of recorded inflow. Verify."
100000008474391100,terminal,0.82,22,0.468235,"No captured outflow at hop 3; 20,000 KZT from 1 payers/1 tx. Observed-sample terminal; verify."
100000008477350100,coordinator,0.76,0,0.980708,"Coordination signs: 11 payers/14 tx in, 39 recipients/44 tx out; betweenness p100, 4 seeds within 2 hops. Verify."
100000008478414100,terminal,0.82,1,0.335125,"No captured outflow at hop 2; 10,000 KZT from 1 payers/1 tx. Observed-sample terminal; verify."
100000008486520100,peripheral,0.50,3,0.493024,"1 payers/2 tx in (35,720 KZT), 1 recipients/1 tx out (14,000 KZT); no strong role signal."
100000008488166100,terminal,0.82,1,0.264364,"No captured outflow at hop 3; 5,600 KZT from 1 payers/1 tx. Observed-sample terminal; verify."
100000008489604100,terminal,0.82,1,0.271974,"No captured outflow at hop 3; 11,000 KZT from 1 payers/1 tx. Observed-sample terminal; verify."
100000008489922100,coordinator,0.76,5,0.908344,"Coordination signs: 3 payers/5 tx in, 36 recipients/41 tx out; betweenness p98, 1 seeds within 2 hops. Verify."
100000008490127100,coordinator,0.76,6,0.569693,"Coordination signs: 1 payers/2 tx in, 6 recipients/9 tx out; betweenness p94, 0 seeds within 2 hops. Verify."
100000008491390100,terminal,0.82,0,0.275045,"No captured outflow at hop 3; 36,000 KZT from 1 payers/1 tx. Observed-sample terminal; verify."
100000008493007100,transit,0.68,1,0.443313,"Transit signs: 1 payers/1 tx in, 1 recipients/1 tx out; forwarded 100% of recorded inflow. Verify."
100000008497298100,terminal,0.82,17,0.478983,"No captured outflow at hop 2; 600,000 KZT from 1 payers/1 tx. Observed-sample terminal; verify."
100000008501413100,transit,0.68,11,0.615921,"Transit signs: 1 payers/1 tx in, 1 recipients/1 tx out; forwarded 102% of recorded inflow. Verify."
100000008502995100,terminal,0.82,0,0.529918,"No captured outflow at hop 3; 25,000 KZT from 1 payers/2 tx. Observed-sample terminal; verify."
100000008503177100,terminal,0.82,4,0.328182,"No captured outflow at hop 3; 33,951 KZT from 1 payers/1 tx. Observed-sample terminal; verify."
100000008507703100,terminal,0.82,1,0.306153,"No captured outflow at hop 3; 28,500 KZT from 1 payers/1 tx. Observed-sample terminal; verify."
100000008512552100,coordinator,0.76,16,0.886682,"Coordination signs: 4 payers/9 tx in, 6 recipients/11 tx out; betweenness p97, 2 seeds within 2 hops. Verify."
100000008512827100,coordinator,0.76,9,0.833400,"Coordination signs: 3 payers/3 tx in, 10 recipients/10 tx out; betweenness p95, 2 seeds within 2 hops. Verify."
100000008513251100,peripheral,0.50,88,0.198698,"0 payers/0 tx in (0 KZT), 0 recipients/0 tx out (0 KZT); no strong role signal. Seed inflow is understated."
100000008514970100,peripheral,0.50,4,0.541188,"1 payers/1 tx in (379,966 KZT), 1 recipients/1 tx out (31,000 KZT); no strong role signal."
100000008516839100,terminal,0.50,19,0.744437,"No captured outflow at hop 0; 155,000 KZT from 3 payers/4 tx. Observed-sample terminal; verify. Seed inflow is understated."
100000008517061100,terminal,0.45,14,0.469971,"Hop 4: 1,844,000 KZT from 1 payers/4 tx, 0 captured recipients; depth-cutoff artifact possible; terminal status unproven."
100000008517538100,coordinator,0.76,5,0.773854,"Coordination signs: 3 payers/6 tx in, 17 recipients/18 tx out; betweenness p96, 1 seeds within 2 hops. Verify."
100000008522127100,peripheral,0.50,62,0.240376,"0 payers/0 tx in (0 KZT), 1 recipients/3 tx out (145,000 KZT); no strong role signal. Seed inflow is understated."
100000008524903100,terminal,0.45,0,0.429250,"Hop 4: 15,000 KZT from 1 payers/1 tx, 0 captured recipients; depth-cutoff artifact possible; terminal status unproven."
100000008525136100,terminal,0.45,0,0.348787,"Hop 4: 14,100 KZT from 1 payers/1 tx, 0 captured recipients; depth-cutoff artifact possible; terminal status unproven."
100000008531133100,distributor,0.66,3,0.720583,"Fan-out signs: 3 recipients/3 tx, 158,272 KZT out; 1 payers/1 tx in. Verify."
100000008531186100,terminal,0.82,2,0.491400,"No captured outflow at hop 2; 125,000 KZT from 1 payers/1 tx. Observed-sample terminal; verify."
100000008532050100,terminal,0.82,6,0.370105,"No captured outflow at hop 3; 455,156 KZT from 1 payers/1 tx. Observed-sample terminal; verify."
100000008536546100,terminal,0.82,20,0.523487,"No captured outflow at hop 3; 250,000 KZT from 2 payers/2 tx. Observed-sample terminal; verify."
100000008537380100,terminal,0.82,1,0.267568,"No captured outflow at hop 3; 8,000 KZT from 1 payers/1 tx. Observed-sample terminal; verify."
100000008545727100,coordinator,0.76,7,0.682076,"Coordination signs: 1 payers/1 tx in, 6 recipients/7 tx out; betweenness p95, 1 seeds within 2 hops. Verify."
100000008546855100,consolidator,0.72,18,0.941121,"Consolidation signs: 6 payers/8 tx, 71,790 KZT in; forwarded 14% of recorded inflow; verify."
100000008547295100,terminal,0.82,8,0.513763,"No captured outflow at hop 3; 15,000 KZT from 1 payers/1 tx. Observed-sample terminal; verify."
100000008547844100,coordinator,0.76,5,0.851869,"Coordination signs: 3 payers/3 tx in, 19 recipients/21 tx out; betweenness p99, 2 seeds within 2 hops. Verify."
100000008547948100,coordinator,0.76,5,0.906664,"Coordination signs: 6 payers/7 tx in, 26 recipients/31 tx out; betweenness p99, 3 seeds within 2 hops. Verify."
100000008548853100,terminal,0.82,1,0.276313,"No captured outflow at hop 3; 14,000 KZT from 1 payers/1 tx. Observed-sample terminal; verify."
100000008551752100,terminal,0.45,40,0.437261,"Hop 4: 406,000 KZT from 1 payers/2 tx, 0 captured recipients; depth-cutoff artifact possible; terminal status unproven."
100000008554390100,terminal,0.45,7,0.332187,"Hop 4: 14,000 KZT from 1 payers/1 tx, 0 captured recipients; depth-cutoff artifact possible; terminal status unproven."
100000008555233100,terminal,0.82,20,0.450345,"No captured outflow at hop 3; 440,600 KZT from 1 payers/1 tx. Observed-sample terminal; verify."
100000008555918100,peripheral,0.50,2,0.652770,"1 payers/1 tx in (139,211 KZT), 2 recipients/2 tx out (43,300 KZT); no strong role signal."
100000008556318100,terminal,0.82,2,0.687617,"No captured outflow at hop 1; 180,132 KZT from 2 payers/2 tx. Observed-sample terminal; verify."
100000008557672100,terminal,0.82,1,0.419036,"No captured outflow at hop 2; 49,125 KZT from 1 payers/1 tx. Observed-sample terminal; verify."
100000008560263100,terminal,0.45,6,0.404150,"Hop 4: 100,000 KZT from 1 payers/1 tx, 0 captured recipients; depth-cutoff artifact possible; terminal status unproven."
100000008560717100,consolidator,0.72,6,0.767490,"Consolidation signs: 7 payers/9 tx, 529,000 KZT in; forwarded 5% of recorded inflow; verify."
100000008561016100,transit,0.68,5,0.509513,"Transit signs: 1 payers/2 tx in, 1 recipients/4 tx out; forwarded 103% of recorded inflow. Verify."
100000008566737100,terminal,0.82,0,0.616322,"No captured outflow at hop 1; 230,000 KZT from 2 payers/2 tx. Observed-sample terminal; verify."
100000008568512100,terminal,0.82,6,0.324310,"No captured outflow at hop 3; 199,640 KZT from 1 payers/1 tx. Observed-sample terminal; verify."
100000008571243100,terminal,0.82,7,0.387995,"No captured outflow at hop 3; 134,000 KZT from 1 payers/1 tx. Observed-sample terminal; verify."
100000008571433100,consolidator,0.62,51,0.850234,"Consolidation signs: 2 payers/2 tx, 350,000 KZT observed in, 2 recipients; seed inflow is understated. Verify."
100000008571443100,terminal,0.82,13,0.588663,"No captured outflow at hop 2; 65,000 KZT from 2 payers/2 tx. Observed-sample terminal; verify."
100000008575624100,distributor,0.66,48,0.255240,"Fan-out signs: 3 recipients/5 tx, 89,500 KZT out; 0 payers/0 tx in. Verify. Seed inflow is understated."
100000008576243100,terminal,0.82,0,0.721796,"No captured outflow at hop 3; 82,920 KZT from 2 payers/4 tx. Observed-sample terminal; verify."
100000008576528100,terminal,0.82,6,0.264764,"No captured outflow at hop 3; 28,000 KZT from 1 payers/1 tx. Observed-sample terminal; verify."
100000008579978100,peripheral,0.50,6,0.418725,"1 payers/1 tx in (34,000 KZT), 1 recipients/6 tx out (77,000 KZT); no strong role signal."
100000008582730100,transit,0.68,18,0.579539,"Transit signs: 1 payers/1 tx in, 1 recipients/1 tx out; forwarded 100% of recorded inflow. Verify."
100000008583360100,peripheral,0.50,7,0.577870,"1 payers/1 tx in (112,843 KZT), 1 recipients/1 tx out (170,000 KZT); no strong role signal."
100000008583971100,terminal,0.45,0,0.600968,"Hop 4: 51,000 KZT from 2 payers/2 tx, 0 captured recipients; depth-cutoff artifact possible; terminal status unproven."
100000008586731100,terminal,0.82,12,0.316099,"No captured outflow at hop 1; 12,000 KZT from 1 payers/1 tx. Observed-sample terminal; verify."
100000008587459100,peripheral,0.50,0,0.697063,"2 payers/2 tx in (181,507 KZT), 2 recipients/4 tx out (686,500 KZT); no strong role signal."
100000008588665100,terminal,0.45,0,0.444070,"Hop 4: 25,000 KZT from 1 payers/1 tx, 0 captured recipients; depth-cutoff artifact possible; terminal status unproven."
100000008595687100,coordinator,0.76,3,0.617123,"Coordination signs: 1 payers/1 tx in, 1 recipients/1 tx out; betweenness p97, 1 seeds within 2 hops. Verify."
100000008596924100,terminal,0.82,8,0.470238,"No captured outflow at hop 3; 100,000 KZT from 1 payers/1 tx. Observed-sample terminal; verify."
100000008598972100,terminal,0.82,4,0.339798,"No captured outflow at hop 3; 120,000 KZT from 1 payers/1 tx. Observed-sample terminal; verify."
100000008599354100,peripheral,0.50,0,0.574766,"1 payers/1 tx in (177,000 KZT), 1 recipients/2 tx out (38,200 KZT); no strong role signal."
100000008601794100,consolidator,0.62,54,0.841444,"Consolidation signs: 2 payers/8 tx, 494,400 KZT observed in, 1 recipients; seed inflow is understated. Verify."
100000008603331100,coordinator,0.76,5,0.799833,"Coordination signs: 2 payers/3 tx in, 6 recipients/6 tx out; betweenness p96, 1 seeds within 2 hops. Verify."
100000008603629100,coordinator,0.76,4,0.986738,"Coordination signs: 19 payers/45 tx in, 61 recipients/74 tx out; betweenness p100, 6 seeds within 2 hops. Verify."
100000008612257100,terminal,0.82,16,0.277181,"No captured outflow at hop 3; 9,500 KZT from 1 payers/1 tx. Observed-sample terminal; verify."
100000008619159100,terminal,0.45,63,0.446073,"Hop 4: 446,400 KZT from 1 payers/2 tx, 0 captured recipients; depth-cutoff artifact possible; terminal status unproven."
100000008619857100,peripheral,0.50,0,0.322486,"1 payers/1 tx in (29,000 KZT), 2 recipients/2 tx out (13,000 KZT); no strong role signal."
100000008620570100,consolidator,0.72,4,0.794348,"Consolidation signs: 2 payers/2 tx, 145,000 KZT in; forwarded 22% of recorded inflow; verify."
100000008624978100,terminal,0.82,4,0.475645,"No captured outflow at hop 2; 109,000 KZT from 1 payers/1 tx. Observed-sample terminal; verify."
100000008625905100,peripheral,0.50,56,0.689174,"1 payers/1 tx in (197,800 KZT), 2 recipients/2 tx out (635,000 KZT); no strong role signal."
100000008628231100,peripheral,0.50,65,0.596429,"1 payers/1 tx in (50,000 KZT), 2 recipients/19 tx out (627,870 KZT); no strong role signal."
100000008628818100,terminal,0.45,7,0.379584,"Hop 4: 46,310 KZT from 1 payers/1 tx, 0 captured recipients; depth-cutoff artifact possible; terminal status unproven."
100000008629504100,terminal,0.45,0,0.376780,"Hop 4: 20,000 KZT from 1 payers/1 tx, 0 captured recipients; depth-cutoff artifact possible; terminal status unproven."
100000008629581100,terminal,0.82,2,0.450812,"No captured outflow at hop 2; 54,184 KZT from 1 payers/1 tx. Observed-sample terminal; verify."
100000008631800100,terminal,0.45,7,0.327915,"Hop 4: 12,850 KZT from 1 payers/1 tx, 0 captured recipients; depth-cutoff artifact possible; terminal status unproven."
100000008632060100,coordinator,0.76,0,0.534057,"Coordination signs: 1 payers/1 tx in, 9 recipients/12 tx out; betweenness p97, 1 seeds within 2 hops. Verify."
100000008633099100,peripheral,0.50,10,0.475734,"1 payers/1 tx in (19,468 KZT), 1 recipients/1 tx out (13,500 KZT); no strong role signal."
100000008634520100,terminal,0.82,5,0.360759,"No captured outflow at hop 3; 90,000 KZT from 1 payers/1 tx. Observed-sample terminal; verify."
100000008636603100,coordinator,0.76,3,0.837706,"Coordination signs: 2 payers/2 tx in, 6 recipients/7 tx out; betweenness p100, 6 seeds within 2 hops. Verify."
100000008637537100,consolidator,0.62,37,0.934312,"Consolidation signs: 3 payers/22 tx, 619,890 KZT observed in, 3 recipients; seed inflow is understated. Verify."
100000008638859100,terminal,0.45,18,0.545338,"Hop 4: 34,000 KZT from 1 payers/1 tx, 0 captured recipients; depth-cutoff artifact possible; terminal status unproven."
100000008647905100,peripheral,0.50,18,0.647486,"1 payers/1 tx in (50,000 KZT), 2 recipients/2 tx out (344,222 KZT); no strong role signal."
100000008648783100,terminal,0.45,7,0.284390,"Hop 4: 5,200 KZT from 1 payers/1 tx, 0 captured recipients; depth-cutoff artifact possible; terminal status unproven."
100000008649416100,terminal,0.45,16,0.499344,"Hop 4: 5,000 KZT from 1 payers/1 tx, 0 captured recipients; depth-cutoff artifact possible; terminal status unproven."
100000008650785100,consolidator,0.62,3,0.882143,"Consolidation signs: 2 payers/2 tx, 92,000 KZT observed in, 2 recipients; seed inflow is understated. Verify."
100000008652094100,terminal,0.82,0,0.274243,"No captured outflow at hop 3; 35,000 KZT from 1 payers/1 tx. Observed-sample terminal; verify."
100000008653041100,terminal,0.82,1,0.304818,"No captured outflow at hop 3; 28,000 KZT from 1 payers/1 tx. Observed-sample terminal; verify."
100000008654653100,peripheral,0.50,3,0.268102,"0 payers/0 tx in (0 KZT), 1 recipients/1 tx out (54,000 KZT); no strong role signal. Seed inflow is understated."
100000008655035100,terminal,0.82,10,0.567078,"No captured outflow at hop 2; 30,000 KZT from 1 payers/1 tx. Observed-sample terminal; verify."
100000008655779100,peripheral,0.50,27,0.650545,"1 payers/1 tx in (47,000 KZT), 2 recipients/2 tx out (24,704 KZT); no strong role signal."
100000008656043100,terminal,0.82,1,0.383522,"No captured outflow at hop 2; 26,200 KZT from 1 payers/1 tx. Observed-sample terminal; verify."
100000008659445100,consolidator,0.62,42,0.883812,"Consolidation signs: 3 payers/7 tx, 138,490 KZT observed in, 4 recipients; seed inflow is understated. Verify."
100000008659950100,terminal,0.82,5,0.418703,"No captured outflow at hop 3; 246,000 KZT from 1 payers/1 tx. Observed-sample terminal; verify."
100000008661550100,terminal,0.82,1,0.294270,"No captured outflow at hop 3; 22,800 KZT from 1 payers/1 tx. Observed-sample terminal; verify."
100000008661585100,terminal,0.82,1,0.384324,"No captured outflow at hop 1; 43,141 KZT from 1 payers/1 tx. Observed-sample terminal; verify."
100000008662216100,terminal,0.82,1,0.302348,"No captured outflow at hop 3; 26,200 KZT from 1 payers/1 tx. Observed-sample terminal; verify."
100000008662805100,terminal,0.82,1,0.280518,"No captured outflow at hop 3; 16,500 KZT from 1 payers/1 tx. Observed-sample terminal; verify."
100000008663007100,terminal,0.82,1,0.327381,"No captured outflow at hop 1; 14,000 KZT from 1 payers/1 tx. Observed-sample terminal; verify."
100000008663723100,terminal,0.82,1,0.278182,"No captured outflow at hop 3; 15,600 KZT from 1 payers/1 tx. Observed-sample terminal; verify."
100000008664469100,terminal,0.82,2,0.374288,"No captured outflow at hop 1; 25,000 KZT from 1 payers/1 tx. Observed-sample terminal; verify."
100000008664774100,terminal,0.82,1,0.279918,"No captured outflow at hop 3; 16,300 KZT from 1 payers/1 tx. Observed-sample terminal; verify."
100000008665380100,consolidator,0.72,0,0.618636,"Consolidation signs: 2 payers/2 tx, 69,100 KZT in; forwarded 26% of recorded inflow; verify."
100000008666075100,terminal,0.82,1,0.357488,"No captured outflow at hop 1; 26,217 KZT from 1 payers/1 tx. Observed-sample terminal; verify."
100000008667058100,terminal,0.82,1,0.337795,"No captured outflow at hop 1; 17,534 KZT from 1 payers/1 tx. Observed-sample terminal; verify."
100000008667795100,terminal,0.82,1,0.313963,"No captured outflow at hop 3; 34,000 KZT from 1 payers/1 tx. Observed-sample terminal; verify."
100000008667799100,terminal,0.82,1,0.313963,"No captured outflow at hop 3; 34,000 KZT from 1 payers/1 tx. Observed-sample terminal; verify."
100000008668099100,terminal,0.82,1,0.278583,"No captured outflow at hop 3; 15,700 KZT from 1 payers/1 tx. Observed-sample terminal; verify."
100000008669037100,peripheral,0.50,89,0.198698,"0 payers/0 tx in (0 KZT), 0 recipients/0 tx out (0 KZT); no strong role signal. Seed inflow is understated."
100000008669310100,terminal,0.82,0,0.293069,"No captured outflow at hop 3; 59,567 KZT from 1 payers/2 tx. Observed-sample terminal; verify."
100000008670667100,terminal,0.82,1,0.332588,"No captured outflow at hop 1; 15,534 KZT from 1 payers/1 tx. Observed-sample terminal; verify."
100000008671026100,terminal,0.82,1,0.352214,"No captured outflow at hop 1; 23,534 KZT from 1 payers/1 tx. Observed-sample terminal; verify."
100000008671081100,terminal,0.82,1,0.319504,"No captured outflow at hop 3; 37,200 KZT from 1 payers/1 tx. Observed-sample terminal; verify."
100000008671129100,terminal,0.82,1,0.302348,"No captured outflow at hop 3; 26,200 KZT from 1 payers/1 tx. Observed-sample terminal; verify."
100000008671929100,terminal,0.82,2,0.433700,"No captured outflow at hop 1; 75,000 KZT from 1 payers/2 tx. Observed-sample terminal; verify."
100000008672162100,terminal,0.82,1,0.332922,"No captured outflow at hop 1; 15,550 KZT from 1 payers/1 tx. Observed-sample terminal; verify."
100000008672200100,terminal,0.82,1,0.313963,"No captured outflow at hop 1; 8,511 KZT from 1 payers/1 tx. Observed-sample terminal; verify."
100000008672480100,terminal,0.82,1,0.347007,"No captured outflow at hop 2; 13,000 KZT from 1 payers/1 tx. Observed-sample terminal; verify."
100000008672493100,terminal,0.82,1,0.276313,"No captured outflow at hop 3; 14,000 KZT from 1 payers/1 tx. Observed-sample terminal; verify."
100000008672603100,terminal,0.82,2,0.398075,"No captured outflow at hop 2; 21,200 KZT from 1 payers/1 tx. Observed-sample terminal; verify."
100000008672762100,terminal,0.82,1,0.347007,"No captured outflow at hop 2; 13,000 KZT from 1 payers/1 tx. Observed-sample terminal; verify."
100000008673001100,terminal,0.50,19,0.543580,"No captured outflow at hop 0; 80,000 KZT from 1 payers/1 tx. Observed-sample terminal; verify. Seed inflow is understated."
100000008675322100,terminal,0.45,35,0.415899,"Hop 4: 340,000 KZT from 1 payers/4 tx, 0 captured recipients; depth-cutoff artifact possible; terminal status unproven."
100000008676812100,terminal,0.82,18,0.481987,"No captured outflow at hop 3; 230,800 KZT from 1 payers/1 tx. Observed-sample terminal; verify."
100000008677215100,terminal,0.82,22,0.383990,"No captured outflow at hop 3; 9,000 KZT from 1 payers/1 tx. Observed-sample terminal; verify."
100000008677368100,terminal,0.45,10,0.500145,"Hop 4: 13,500 KZT from 1 payers/1 tx, 0 captured recipients; depth-cutoff artifact possible; terminal status unproven."
100000008677518100,terminal,0.82,1,0.332855,"No captured outflow at hop 3; 48,700 KZT from 1 payers/1 tx. Observed-sample terminal; verify."
100000008679986100,terminal,0.82,1,0.341667,"No captured outflow at hop 1; 19,000 KZT from 1 payers/1 tx. Observed-sample terminal; verify."
100000008680061100,terminal,0.45,6,0.460670,"Hop 4: 41,300 KZT from 1 payers/2 tx, 0 captured recipients; depth-cutoff artifact possible; terminal status unproven."
100000008680451100,terminal,0.82,1,0.352214,"No captured outflow at hop 1; 23,534 KZT from 1 payers/1 tx. Observed-sample terminal; verify."
100000008680731100,distributor,0.66,12,0.291066,"Fan-out signs: 27 recipients/28 tx, 1,464,354 KZT out; 0 payers/0 tx in. Verify. Seed inflow is understated."
100000008680912100,peripheral,0.50,31,0.547563,"1 payers/2 tx in (45,112 KZT), 1 recipients/1 tx out (5,991 KZT); no strong role signal."
100000008682426100,terminal,0.82,14,0.317768,"No captured outflow at hop 3; 20,000 KZT from 1 payers/1 tx. Observed-sample terminal; verify."
100000008683818100,terminal,0.82,1,0.361894,"No captured outflow at hop 2; 17,400 KZT from 1 payers/1 tx. Observed-sample terminal; verify."
100000008684452100,terminal,0.82,1,0.336860,"No captured outflow at hop 3; 51,800 KZT from 1 payers/1 tx. Observed-sample terminal; verify."
100000008684767100,terminal,0.82,1,0.309557,"No captured outflow at hop 3; 31,100 KZT from 1 payers/1 tx. Observed-sample terminal; verify."
100000008684951100,terminal,0.82,1,0.281854,"No captured outflow at hop 3; 17,200 KZT from 1 payers/1 tx. Observed-sample terminal; verify."
100000008686214100,terminal,0.82,4,0.400078,"No captured outflow at hop 3; 25,000 KZT from 1 payers/1 tx. Observed-sample terminal; verify."
100000008686234100,terminal,0.82,0,0.373242,"No captured outflow at hop 1; 39,778 KZT from 1 payers/1 tx. Observed-sample terminal; verify."
100000008686247100,peripheral,0.50,23,0.447296,"1 payers/2 tx in (22,000 KZT), 1 recipients/1 tx out (5,000 KZT); no strong role signal."
100000008686313100,coordinator,0.76,0,0.884680,"Coordination signs: 6 payers/16 tx in, 7 recipients/13 tx out; betweenness p100, 1 seeds within 2 hops. Verify."
100000008686494100,terminal,0.82,1,0.278583,"No captured outflow at hop 3; 15,700 KZT from 1 payers/1 tx. Observed-sample terminal; verify."
100000008687492100,terminal,0.82,1,0.353616,"No captured outflow at hop 2; 15,000 KZT from 1 payers/1 tx. Observed-sample terminal; verify."
100000008687617100,terminal,0.82,1,0.327114,"No captured outflow at hop 3; 43,350 KZT from 1 payers/2 tx. Observed-sample terminal; verify."
100000008687671100,terminal,0.82,1,0.376446,"No captured outflow at hop 1; 37,500 KZT from 1 payers/1 tx. Observed-sample terminal; verify."
100000008687733100,terminal,0.82,1,0.277047,"No captured outflow at hop 3; 14,650 KZT from 1 payers/1 tx. Observed-sample terminal; verify."
100000008687990100,terminal,0.82,1,0.283189,"No captured outflow at hop 3; 17,600 KZT from 1 payers/1 tx. Observed-sample terminal; verify."
100000008688109100,terminal,0.82,1,0.274777,"No captured outflow at hop 3; 12,800 KZT from 1 payers/1 tx. Observed-sample terminal; verify."
100000008688155100,terminal,0.82,1,0.296740,"No captured outflow at hop 3; 23,600 KZT from 1 payers/1 tx. Observed-sample terminal; verify."
100000008688476100,terminal,0.82,1,0.378850,"No captured outflow at hop 2; 24,000 KZT from 1 payers/1 tx. Observed-sample terminal; verify."
100000008688881100,terminal,0.82,1,0.412895,"No captured outflow at hop 2; 44,211 KZT from 1 payers/1 tx. Observed-sample terminal; verify."
100000008690762100,terminal,0.82,1,0.303082,"No captured outflow at hop 3; 26,750 KZT from 1 payers/1 tx. Observed-sample terminal; verify."
100000008690932100,terminal,0.82,1,0.350679,"No captured outflow at hop 1; 23,000 KZT from 1 payers/1 tx. Observed-sample terminal; verify."
100000008691027100,terminal,0.82,1,0.337795,"No captured outflow at hop 1; 17,534 KZT from 1 payers/1 tx. Observed-sample terminal; verify."
100000008691168100,terminal,0.82,1,0.378850,"No captured outflow at hop 2; 24,000 KZT from 1 payers/1 tx. Observed-sample terminal; verify."
100000008691330100,terminal,0.82,1,0.348008,"No captured outflow at hop 1; 21,440 KZT from 1 payers/1 tx. Observed-sample terminal; verify."
100000008691495100,terminal,0.82,1,0.358956,"No captured outflow at hop 1; 27,000 KZT from 1 payers/1 tx. Observed-sample terminal; verify."
100000008692291100,transit,0.68,5,0.717690,"Transit signs: 3 payers/3 tx in, 3 recipients/3 tx out; forwarded 98% of recorded inflow. Verify."
100000008693069100,terminal,0.82,1,0.344938,"No captured outflow at hop 1; 20,000 KZT from 1 payers/1 tx. Observed-sample terminal; verify."
100000008695133100,terminal,0.82,1,0.318836,"No captured outflow at hop 3; 36,610 KZT from 1 payers/1 tx. Observed-sample terminal; verify."
100000008695157100,terminal,0.45,4,0.486927,"Hop 4: 425,546 KZT from 1 payers/3 tx, 0 captured recipients; depth-cutoff artifact possible; terminal status unproven."
100000008695495100,terminal,0.82,1,0.346740,"No captured outflow at hop 1; 21,000 KZT from 1 payers/1 tx. Observed-sample terminal; verify."
100000008695566100,terminal,0.82,1,0.313362,"No captured outflow at hop 3; 33,700 KZT from 1 payers/1 tx. Observed-sample terminal; verify."
100000008695689100,terminal,0.82,1,0.302348,"No captured outflow at hop 3; 26,200 KZT from 1 payers/1 tx. Observed-sample terminal; verify."
100000008696692100,terminal,0.82,1,0.365498,"No captured outflow at hop 2; 19,000 KZT from 1 payers/1 tx. Observed-sample terminal; verify."
100000008696919100,terminal,0.82,1,0.368035,"No captured outflow at hop 1; 31,945 KZT from 1 payers/1 tx. Observed-sample terminal; verify."
100000008697670100,terminal,0.82,1,0.300011,"No captured outflow at hop 3; 25,350 KZT from 1 payers/1 tx. Observed-sample terminal; verify."
100000008699083100,terminal,0.45,9,0.388529,"Hop 4: 238,500 KZT from 1 payers/1 tx, 0 captured recipients; depth-cutoff artifact possible; terminal status unproven."
100000008701222100,peripheral,0.50,90,0.198698,"0 payers/0 tx in (0 KZT), 0 recipients/0 tx out (0 KZT); no strong role signal. Seed inflow is understated."
100000008701256100,terminal,0.82,31,0.445449,"No captured outflow at hop 2; 58,250 KZT from 1 payers/1 tx. Observed-sample terminal; verify."
100000008701944100,terminal,0.82,15,0.538618,"No captured outflow at hop 1; 52,124 KZT from 1 payers/1 tx. Observed-sample terminal; verify."
100000008703533100,terminal,0.45,5,0.347942,"Hop 4: 75,000 KZT from 1 payers/1 tx, 0 captured recipients; depth-cutoff artifact possible; terminal status unproven."
100000008706846100,terminal,0.82,1,0.276513,"No captured outflow at hop 3; 14,200 KZT from 1 payers/1 tx. Observed-sample terminal; verify."
100000008706947100,terminal,0.82,1,0.281854,"No captured outflow at hop 3; 17,200 KZT from 1 payers/1 tx. Observed-sample terminal; verify."
100000008707810100,terminal,0.82,1,0.302348,"No captured outflow at hop 3; 26,200 KZT from 1 payers/1 tx. Observed-sample terminal; verify."
100000008708025100,terminal,0.82,27,0.394604,"No captured outflow at hop 3; 10,000 KZT from 1 payers/1 tx. Observed-sample terminal; verify."
100000008708061100,terminal,0.82,1,0.269036,"No captured outflow at hop 3; 8,650 KZT from 1 payers/1 tx. Observed-sample terminal; verify."
100000008708207100,terminal,0.82,5,0.560069,"No captured outflow at hop 3; 465,000 KZT from 2 payers/2 tx. Observed-sample terminal; verify."
100000008708368100,terminal,0.82,1,0.352615,"No captured outflow at hop 1; 23,677 KZT from 1 payers/1 tx. Observed-sample terminal; verify."
100000008708595100,terminal,0.82,1,0.281854,"No captured outflow at hop 3; 17,200 KZT from 1 payers/1 tx. Observed-sample terminal; verify."
100000008708743100,terminal,0.82,1,0.277848,"No captured outflow at hop 3; 15,550 KZT from 1 payers/1 tx. Observed-sample terminal; verify."
100000008710791100,coordinator,0.76,5,0.839186,"Coordination signs: 3 payers/3 tx in, 23 recipients/25 tx out; betweenness p97, 2 seeds within 2 hops. Verify."
100000008710843100,coordinator,0.76,20,0.730007,"Coordination signs: 2 payers/3 tx in, 13 recipients/14 tx out; betweenness p98, 4 seeds within 2 hops. Verify."
100000008710913100,terminal,0.45,5,0.280118,"Hop 4: 14,000 KZT from 1 payers/1 tx, 0 captured recipients; depth-cutoff artifact possible; terminal status unproven."
100000008712036100,terminal,0.82,1,0.291867,"No captured outflow at hop 3; 21,000 KZT from 1 payers/1 tx. Observed-sample terminal; verify."
100000008712184100,terminal,0.82,1,0.284657,"No captured outflow at hop 3; 18,000 KZT from 1 payers/1 tx. Observed-sample terminal; verify."
100000008712827100,terminal,0.82,1,0.357688,"No captured outflow at hop 3; 76,000 KZT from 1 payers/1 tx. Observed-sample terminal; verify."
100000008712991100,terminal,0.82,1,0.350078,"No captured outflow at hop 3; 66,100 KZT from 1 payers/1 tx. Observed-sample terminal; verify."
100000008713270100,distributor,0.66,8,0.515154,"Fan-out signs: 3 recipients/3 tx, 190,000 KZT out; 1 payers/1 tx in. Verify."
100000008713685100,terminal,0.82,1,0.334190,"No captured outflow at hop 3; 49,700 KZT from 1 payers/1 tx. Observed-sample terminal; verify."
100000008714412100,terminal,0.82,7,0.400278,"No captured outflow at hop 3; 169,000 KZT from 1 payers/1 tx. Observed-sample terminal; verify."
100000008715513100,terminal,0.45,7,0.379851,"Hop 4: 32,500 KZT from 1 payers/1 tx, 0 captured recipients; depth-cutoff artifact possible; terminal status unproven."
100000008715887100,terminal,0.82,1,0.284657,"No captured outflow at hop 3; 18,000 KZT from 1 payers/1 tx. Observed-sample terminal; verify."
100000008716072100,terminal,0.82,1,0.273442,"No captured outflow at hop 3; 12,100 KZT from 1 payers/1 tx. Observed-sample terminal; verify."
100000008716222100,terminal,0.82,1,0.339731,"No captured outflow at hop 1; 18,000 KZT from 1 payers/1 tx. Observed-sample terminal; verify."
100000008716439100,terminal,0.82,1,0.321840,"No captured outflow at hop 1; 12,267 KZT from 1 payers/1 tx. Observed-sample terminal; verify."
100000008716773100,terminal,0.82,1,0.333789,"No captured outflow at hop 1; 15,677 KZT from 1 payers/1 tx. Observed-sample terminal; verify."
100000008717340100,terminal,0.82,1,0.382054,"No captured outflow at hop 1; 41,500 KZT from 1 payers/1 tx. Observed-sample terminal; verify."
100000008717341100,terminal,0.82,1,0.329050,"No captured outflow at hop 1; 14,627 KZT from 1 payers/1 tx. Observed-sample terminal; verify."
100000008717375100,terminal,0.82,2,0.417835,"No captured outflow at hop 2; 29,506 KZT from 1 payers/1 tx. Observed-sample terminal; verify."
100000008717802100,terminal,0.82,1,0.301613,"No captured outflow at hop 3; 26,150 KZT from 1 payers/1 tx. Observed-sample terminal; verify."
100000008718089100,terminal,0.82,1,0.332588,"No captured outflow at hop 1; 15,534 KZT from 1 payers/1 tx. Observed-sample terminal; verify."
100000008718811100,terminal,0.82,1,0.355418,"No captured outflow at hop 3; 73,300 KZT from 1 payers/1 tx. Observed-sample terminal; verify."
100000008720668100,terminal,0.82,1,0.279117,"No captured outflow at hop 3; 16,000 KZT from 1 payers/1 tx. Observed-sample terminal; verify."
100000008720798100,terminal,0.82,1,0.332588,"No captured outflow at hop 1; 15,534 KZT from 1 payers/1 tx. Observed-sample terminal; verify."
100000008720856100,peripheral,0.50,6,0.574655,"1 payers/1 tx in (18,105 KZT), 1 recipients/2 tx out (46,000 KZT); no strong role signal."
100000008721637100,peripheral,0.50,8,0.569393,"1 payers/1 tx in (24,041 KZT), 2 recipients/2 tx out (127,000 KZT); no strong role signal."
100000008722328100,terminal,0.82,1,0.352615,"No captured outflow at hop 1; 23,677 KZT from 1 payers/1 tx. Observed-sample terminal; verify."
100000008722417100,distributor,0.66,6,0.543525,"Fan-out signs: 3 recipients/6 tx, 720,000 KZT out; 1 payers/1 tx in. Verify."
100000008722541100,terminal,0.45,6,0.459023,"Hop 4: 280,000 KZT from 1 payers/4 tx, 0 captured recipients; depth-cutoff artifact possible; terminal status unproven."
100000008723830100,transit,0.68,3,0.748398,"Transit signs: 2 payers/2 tx in, 1 recipients/1 tx out; forwarded 99% of recorded inflow. Verify."
100000008724279100,terminal,0.82,3,0.309157,"No captured outflow at hop 1; 11,750 KZT from 1 payers/1 tx. Observed-sample terminal; verify."
100000008724461100,transit,0.68,5,0.477737,"Transit signs: 1 payers/1 tx in, 1 recipients/1 tx out; forwarded 130% of recorded inflow. Verify."
100000008727982100,terminal,0.45,8,0.490398,"Hop 4: 30,000 KZT from 1 payers/2 tx, 0 captured recipients; depth-cutoff artifact possible; terminal status unproven."
100000008728457100,terminal,0.82,11,0.390176,"No captured outflow at hop 1; 45,000 KZT from 1 payers/1 tx. Observed-sample terminal; verify."
100000008729597100,terminal,0.82,4,0.378249,"No captured outflow at hop 3; 83,090 KZT from 1 payers/1 tx. Observed-sample terminal; verify."
100000008729801100,terminal,0.82,1,0.337795,"No captured outflow at hop 1; 17,534 KZT from 1 payers/1 tx. Observed-sample terminal; verify."
100000008730021100,terminal,0.82,15,0.549833,"No captured outflow at hop 1; 75,555 KZT from 1 payers/3 tx. Observed-sample terminal; verify."
100000008730238100,terminal,0.45,5,0.514030,"Hop 4: 113,000 KZT from 1 payers/1 tx, 0 captured recipients; depth-cutoff artifact possible; terminal status unproven."
100000008730371100,terminal,0.82,0,0.647252,"No captured outflow at hop 3; 520,000 KZT from 2 payers/3 tx. Observed-sample terminal; verify."
100000008730846100,coordinator,0.76,11,0.916466,"Coordination signs: 7 payers/11 tx in, 3 recipients/4 tx out; betweenness p95, 3 seeds within 2 hops. Verify."
100000008731444100,coordinator,0.76,0,0.851001,"Coordination signs: 3 payers/5 tx in, 9 recipients/9 tx out; betweenness p94, 3 seeds within 2 hops. Verify."
100000008732098100,terminal,0.82,1,0.333789,"No captured outflow at hop 1; 15,677 KZT from 1 payers/1 tx. Observed-sample terminal; verify."
100000008732488100,peripheral,0.50,4,0.557176,"1 payers/1 tx in (137,000 KZT), 1 recipients/1 tx out (10,000 KZT); no strong role signal."
100000008733049100,terminal,0.82,15,0.331119,"No captured outflow at hop 2; 10,000 KZT from 1 payers/1 tx. Observed-sample terminal; verify."
100000008733194100,coordinator,0.76,13,0.904929,"Coordination signs: 4 payers/4 tx in, 8 recipients/8 tx out; betweenness p96, 8 seeds within 2 hops. Verify."
100000008734279100,terminal,0.45,4,0.374777,"Hop 4: 31,650 KZT from 1 payers/1 tx, 0 captured recipients; depth-cutoff artifact possible; terminal status unproven."
100000008734364100,terminal,0.82,1,0.383522,"No captured outflow at hop 2; 26,200 KZT from 1 payers/1 tx. Observed-sample terminal; verify."
100000008735384100,terminal,0.82,1,0.379651,"No captured outflow at hop 1; 39,220 KZT from 1 payers/1 tx. Observed-sample terminal; verify."
100000008735802100,terminal,0.45,0,0.489063,"Hop 4: 85,000 KZT from 1 payers/2 tx, 0 captured recipients; depth-cutoff artifact possible; terminal status unproven."
100000008735832100,terminal,0.82,1,0.283189,"No captured outflow at hop 3; 17,600 KZT from 1 payers/1 tx. Observed-sample terminal; verify."
100000008736173100,terminal,0.82,1,0.366166,"No captured outflow at hop 1; 31,060 KZT from 1 payers/1 tx. Observed-sample terminal; verify."
100000008736394100,terminal,0.82,1,0.356486,"No captured outflow at hop 2; 16,000 KZT from 1 payers/1 tx. Observed-sample terminal; verify."
100000008736760100,terminal,0.82,1,0.397541,"No captured outflow at hop 1; 54,757 KZT from 1 payers/1 tx. Observed-sample terminal; verify."
100000008736940100,consolidator,0.72,42,0.879428,"Consolidation signs: 3 payers/13 tx, 451,090 KZT in; forwarded 40% of recorded inflow; verify."
100000008737422100,terminal,0.82,1,0.417434,"No captured outflow at hop 1; 76,903 KZT from 1 payers/1 tx. Observed-sample terminal; verify."
100000008737514100,terminal,0.82,15,0.443870,"No captured outflow at hop 2; 85,000 KZT from 1 payers/1 tx. Observed-sample terminal; verify."
100000008737958100,terminal,0.82,1,0.519949,"No captured outflow at hop 1; 53,373 KZT from 2 payers/2 tx. Observed-sample terminal; verify."
100000008738325100,peripheral,0.50,19,0.695895,"1 payers/1 tx in (36,550 KZT), 1 recipients/1 tx out (54,000 KZT); no strong role signal. Seed inflow is understated."
100000008738526100,peripheral,0.50,20,0.436871,"1 payers/1 tx in (15,000 KZT), 1 recipients/1 tx out (140,000 KZT); no strong role signal."
100000008738658100,terminal,0.82,1,0.308022,"No captured outflow at hop 3; 29,920 KZT from 1 payers/1 tx. Observed-sample terminal; verify."
100000008739887100,peripheral,0.50,4,0.721896,"2 payers/3 tx in (214,000 KZT), 2 recipients/2 tx out (307,000 KZT); no strong role signal."
100000008740295100,terminal,0.45,5,0.423109,"Hop 4: 300,000 KZT from 1 payers/1 tx, 0 captured recipients; depth-cutoff artifact possible; terminal status unproven."
100000008740793100,terminal,0.82,1,0.291867,"No captured outflow at hop 3; 21,000 KZT from 1 payers/1 tx. Observed-sample terminal; verify."
100000008741372100,terminal,0.82,1,0.373776,"No captured outflow at hop 1; 35,975 KZT from 1 payers/1 tx. Observed-sample terminal; verify."
100000008742053100,coordinator,0.76,9,0.468925,"Coordination signs: 1 payers/1 tx in, 12 recipients/12 tx out; betweenness p94, 0 seeds within 2 hops. Verify."
100000008742266100,terminal,0.82,1,0.371640,"No captured outflow at hop 2; 21,000 KZT from 1 payers/1 tx. Observed-sample terminal; verify."
100000008743913100,coordinator,0.76,20,0.815154,"Coordination signs: 3 payers/3 tx in, 13 recipients/13 tx out; betweenness p97, 1 seeds within 2 hops. Verify."
100000008744364100,terminal,0.82,1,0.297474,"No captured outflow at hop 3; 23,700 KZT from 1 payers/1 tx. Observed-sample terminal; verify."
100000008744799100,terminal,0.82,1,0.273976,"No captured outflow at hop 3; 12,600 KZT from 1 payers/1 tx. Observed-sample terminal; verify."
100000008744849100,terminal,0.82,1,0.386193,"No captured outflow at hop 1; 44,445 KZT from 1 payers/1 tx. Observed-sample terminal; verify."
100000008745474100,terminal,0.82,1,0.381119,"No captured outflow at hop 1; 40,559 KZT from 1 payers/1 tx. Observed-sample terminal; verify."
100000008745489100,terminal,0.82,1,0.398209,"No captured outflow at hop 1; 55,539 KZT from 1 payers/1 tx. Observed-sample terminal; verify."
100000008745643100,terminal,0.82,1,0.345605,"No captured outflow at hop 1; 20,313 KZT from 1 payers/1 tx. Observed-sample terminal; verify."
100000008745676100,terminal,0.45,1,0.494270,"Hop 4: 34,547 KZT from 1 payers/1 tx, 0 captured recipients; depth-cutoff artifact possible; terminal status unproven."
100000008745725100,terminal,0.82,1,0.388796,"No captured outflow at hop 1; 47,060 KZT from 1 payers/1 tx. Observed-sample terminal; verify."
100000008745863100,terminal,0.82,1,0.294671,"No captured outflow at hop 3; 22,900 KZT from 1 payers/1 tx. Observed-sample terminal; verify."
100000008745884100,terminal,0.82,1,0.288863,"No captured outflow at hop 3; 20,000 KZT from 1 payers/1 tx. Observed-sample terminal; verify."
100000008746025100,terminal,0.82,1,0.349210,"No captured outflow at hop 1; 22,000 KZT from 1 payers/1 tx. Observed-sample terminal; verify."
100000008746449100,coordinator,0.76,5,0.477626,"Coordination signs: 1 payers/1 tx in, 10 recipients/10 tx out; betweenness p95, 0 seeds within 2 hops. Verify."
100000008746673100,terminal,0.82,1,0.395672,"No captured outflow at hop 1; 53,048 KZT from 1 payers/1 tx. Observed-sample terminal; verify."
100000008747113100,terminal,0.82,6,0.565320,"No captured outflow at hop 1; 197,801 KZT from 2 payers/2 tx. Observed-sample terminal; verify."
100000008748408100,distributor,0.66,8,0.662828,"Fan-out signs: 21 recipients/22 tx, 1,499,960 KZT out; 1 payers/2 tx in. Verify."
100000008748795100,terminal,0.82,0,0.280919,"No captured outflow at hop 3; 47,057 KZT from 1 payers/1 tx. Observed-sample terminal; verify."
100000008748914100,coordinator,0.76,2,0.928805,"Coordination signs: 2 payers/9 tx in, 13 recipients/21 tx out; betweenness p98, 3 seeds within 2 hops. Verify."
100000008749063100,terminal,0.82,1,0.341667,"No captured outflow at hop 1; 19,000 KZT from 1 payers/1 tx. Observed-sample terminal; verify."
100000008749405100,terminal,0.82,1,0.319304,"No captured outflow at hop 3; 37,150 KZT from 1 payers/1 tx. Observed-sample terminal; verify."
100000008749406100,terminal,0.82,1,0.336593,"No captured outflow at hop 1; 17,144 KZT from 1 payers/1 tx. Observed-sample terminal; verify."
100000008749618100,terminal,0.82,1,0.388996,"No captured outflow at hop 1; 47,280 KZT from 1 payers/1 tx. Observed-sample terminal; verify."
100000008749900100,terminal,0.82,1,0.281320,"No captured outflow at hop 3; 17,150 KZT from 1 payers/1 tx. Observed-sample terminal; verify."
100000008749989100,terminal,0.82,1,0.356486,"No captured outflow at hop 2; 16,000 KZT from 1 payers/1 tx. Observed-sample terminal; verify."
100000008750464100,terminal,0.82,1,0.268769,"No captured outflow at hop 3; 8,500 KZT from 1 payers/1 tx. Observed-sample terminal; verify."
100000008751349100,terminal,0.82,26,0.285458,"No captured outflow at hop 3; 11,630 KZT from 1 payers/1 tx. Observed-sample terminal; verify."
100000008751380100,terminal,0.82,5,0.514675,"No captured outflow at hop 3; 345,780 KZT from 2 payers/2 tx. Observed-sample terminal; verify."
100000008751429100,consolidator,0.72,42,0.761727,"Consolidation signs: 3 payers/6 tx, 386,200 KZT in; forwarded 19% of recorded inflow; verify."
100000008752616100,coordinator,0.76,5,0.760625,"Coordination signs: 2 payers/2 tx in, 7 recipients/7 tx out; betweenness p94, 1 seeds within 2 hops. Verify."
100000008753061100,terminal,0.82,1,0.305886,"No captured outflow at hop 3; 28,400 KZT from 1 payers/2 tx. Observed-sample terminal; verify."
100000008753193100,terminal,0.82,1,0.372575,"No captured outflow at hop 1; 35,225 KZT from 1 payers/1 tx. Observed-sample terminal; verify."
100000008753897100,terminal,0.82,1,0.297875,"No captured outflow at hop 3; 24,050 KZT from 1 payers/1 tx. Observed-sample terminal; verify."
100000008754608100,terminal,0.82,1,0.273709,"No captured outflow at hop 3; 12,300 KZT from 1 payers/1 tx. Observed-sample terminal; verify."
100000008754747100,terminal,0.82,1,0.329784,"No captured outflow at hop 3; 45,500 KZT from 1 payers/1 tx. Observed-sample terminal; verify."
100000008754997100,terminal,0.82,1,0.284657,"No captured outflow at hop 3; 18,000 KZT from 1 payers/1 tx. Observed-sample terminal; verify."
100000008755168100,terminal,0.82,1,0.283189,"No captured outflow at hop 3; 17,600 KZT from 1 payers/1 tx. Observed-sample terminal; verify."
100000008755361100,terminal,0.82,1,0.329050,"No captured outflow at hop 1; 14,627 KZT from 1 payers/1 tx. Observed-sample terminal; verify."
100000008755580100,terminal,0.82,1,0.279117,"No captured outflow at hop 3; 16,000 KZT from 1 payers/1 tx. Observed-sample terminal; verify."
100000008755754100,terminal,0.82,9,0.350211,"No captured outflow at hop 3; 7,000 KZT from 1 payers/1 tx. Observed-sample terminal; verify."
100000008757301100,terminal,0.45,0,0.494671,"Hop 4: 58,398 KZT from 1 payers/3 tx, 0 captured recipients; depth-cutoff artifact possible; terminal status unproven."
100000008757369100,peripheral,0.50,0,0.429806,"1 payers/1 tx in (25,961 KZT), 1 recipients/3 tx out (58,398 KZT); no strong role signal."
100000008758106100,terminal,0.45,5,0.268502,"Hop 4: 10,000 KZT from 1 payers/1 tx, 0 captured recipients; depth-cutoff artifact possible; terminal status unproven."
100000008758168100,distributor,0.66,20,0.763852,"Fan-out signs: 5 recipients/5 tx, 1,533,600 KZT out; 2 payers/2 tx in. Verify."
100000008758607100,terminal,0.45,5,0.262494,"Hop 4: 5,000 KZT from 1 payers/1 tx, 0 captured recipients; depth-cutoff artifact possible; terminal status unproven."
100000008759795100,terminal,0.45,7,0.343402,"Hop 4: 17,000 KZT from 1 payers/1 tx, 0 captured recipients; depth-cutoff artifact possible; terminal status unproven."
100000008759857100,peripheral,0.50,20,0.315009,"1 payers/1 tx in (5,000 KZT), 2 recipients/3 tx out (994,000 KZT); no strong role signal."
100000008760098100,peripheral,0.50,20,0.413251,"1 payers/1 tx in (7,000 KZT), 1 recipients/1 tx out (390,000 KZT); no strong role signal."
100000008761132100,terminal,0.45,5,0.268502,"Hop 4: 10,000 KZT from 1 payers/1 tx, 0 captured recipients; depth-cutoff artifact possible; terminal status unproven."
100000008761219100,peripheral,0.50,47,0.627181,"2 payers/2 tx in (50,000 KZT), 2 recipients/2 tx out (375,000 KZT); no strong role signal."
100000008761220100,terminal,0.45,5,0.268502,"Hop 4: 10,000 KZT from 1 payers/1 tx, 0 captured recipients; depth-cutoff artifact possible; terminal status unproven."
100000008762005100,terminal,0.45,5,0.267034,"Hop 4: 5,000 KZT from 1 payers/1 tx, 0 captured recipients; depth-cutoff artifact possible; terminal status unproven."
100000008762728100,terminal,0.82,3,0.454551,"No captured outflow at hop 2; 17,026 KZT from 1 payers/1 tx. Observed-sample terminal; verify."
100000008762832100,peripheral,0.50,2,0.497007,"1 payers/1 tx in (150,000 KZT), 1 recipients/4 tx out (85,000 KZT); no strong role signal."
100000008762843100,terminal,0.45,5,0.271506,"Hop 4: 7,000 KZT from 1 payers/1 tx, 0 captured recipients; depth-cutoff artifact possible; terminal status unproven."
100000008762885100,terminal,0.45,5,0.271506,"Hop 4: 7,000 KZT from 1 payers/1 tx, 0 captured recipients; depth-cutoff artifact possible; terminal status unproven."
100000008763688100,terminal,0.82,1,0.291867,"No captured outflow at hop 3; 21,000 KZT from 1 payers/1 tx. Observed-sample terminal; verify."
100000008764436100,terminal,0.82,1,0.347741,"No captured outflow at hop 2; 13,100 KZT from 1 payers/1 tx. Observed-sample terminal; verify."
100000008764654100,terminal,0.82,1,0.301613,"No captured outflow at hop 3; 26,150 KZT from 1 payers/1 tx. Observed-sample terminal; verify."
100000008765494100,terminal,0.82,1,0.378850,"No captured outflow at hop 2; 24,000 KZT from 1 payers/1 tx. Observed-sample terminal; verify."
100000008765627100,terminal,0.82,8,0.396473,"No captured outflow at hop 2; 60,000 KZT from 1 payers/1 tx. Observed-sample terminal; verify."
100000008766031100,terminal,0.45,5,0.264898,"Hop 4: 5,000 KZT from 1 payers/1 tx, 0 captured recipients; depth-cutoff artifact possible; terminal status unproven."
100000008766764100,terminal,0.45,5,0.262494,"Hop 4: 5,000 KZT from 1 payers/1 tx, 0 captured recipients; depth-cutoff artifact possible; terminal status unproven."
100000008767027100,terminal,0.82,20,0.263162,"No captured outflow at hop 3; 5,000 KZT from 1 payers/1 tx. Observed-sample terminal; verify."
100000008767065100,terminal,0.82,20,0.269971,"No captured outflow at hop 3; 10,000 KZT from 1 payers/1 tx. Observed-sample terminal; verify."
100000008767925100,terminal,0.82,1,0.336593,"No captured outflow at hop 1; 17,144 KZT from 1 payers/1 tx. Observed-sample terminal; verify."
100000008767950100,terminal,0.82,1,0.282655,"No captured outflow at hop 3; 17,350 KZT from 1 payers/1 tx. Observed-sample terminal; verify."
100000008768896100,terminal,0.82,1,0.388796,"No captured outflow at hop 1; 47,060 KZT from 1 payers/1 tx. Observed-sample terminal; verify."
100000008769097100,terminal,0.82,1,0.309557,"No captured outflow at hop 3; 31,100 KZT from 1 payers/1 tx. Observed-sample terminal; verify."
100000008769636100,terminal,0.82,1,0.350812,"No captured outflow at hop 1; 23,118 KZT from 1 payers/1 tx. Observed-sample terminal; verify."
100000008770483100,terminal,0.45,47,0.292668,"Hop 4: 5,000 KZT from 1 payers/1 tx, 0 captured recipients; depth-cutoff artifact possible; terminal status unproven."
100000008771627100,terminal,0.82,1,0.358289,"No captured outflow at hop 2; 16,500 KZT from 1 payers/1 tx. Observed-sample terminal; verify."
100000008771814100,terminal,0.82,1,0.377915,"No captured outflow at hop 2; 23,700 KZT from 1 payers/1 tx. Observed-sample terminal; verify."
100000008771819100,terminal,0.82,1,0.379384,"No captured outflow at hop 1; 38,900 KZT from 1 payers/1 tx. Observed-sample terminal; verify."
100000008772058100,terminal,0.82,1,0.420105,"No captured outflow at hop 2; 50,000 KZT from 1 payers/1 tx. Observed-sample terminal; verify."
100000008772246100,terminal,0.82,1,0.328382,"No captured outflow at hop 3; 44,500 KZT from 1 payers/1 tx. Observed-sample terminal; verify."
100000008773876100,terminal,0.82,1,0.356820,"No captured outflow at hop 1; 26,120 KZT from 1 payers/1 tx. Observed-sample terminal; verify."
100000008774237100,peripheral,0.50,24,0.480207,"1 payers/1 tx in (50,000 KZT), 1 recipients/1 tx out (10,000 KZT); no strong role signal."
100000008775471100,terminal,0.82,20,0.447541,"No captured outflow at hop 3; 580,000 KZT from 1 payers/2 tx. Observed-sample terminal; verify."
100000008775747100,terminal,0.45,5,0.262494,"Hop 4: 5,000 KZT from 1 payers/1 tx, 0 captured recipients; depth-cutoff artifact possible; terminal status unproven."
100000008776298100,terminal,0.82,1,0.383923,"No captured outflow at hop 1; 42,800 KZT from 1 payers/1 tx. Observed-sample terminal; verify."
100000008776310100,terminal,0.82,1,0.286526,"No captured outflow at hop 3; 19,200 KZT from 1 payers/1 tx. Observed-sample terminal; verify."
100000008776420100,terminal,0.82,1,0.353015,"No captured outflow at hop 3; 69,500 KZT from 1 payers/1 tx. Observed-sample terminal; verify."
100000008776576100,terminal,0.82,1,0.329984,"No captured outflow at hop 1; 14,765 KZT from 1 payers/1 tx. Observed-sample terminal; verify."
100000008776720100,terminal,0.82,1,0.301613,"No captured outflow at hop 3; 26,150 KZT from 1 payers/1 tx. Observed-sample terminal; verify."
100000008777088100,terminal,0.82,1,0.339731,"No captured outflow at hop 1; 18,000 KZT from 1 payers/1 tx. Observed-sample terminal; verify."
100000008778010100,terminal,0.45,1,0.493202,"Hop 4: 76,950 KZT from 1 payers/2 tx, 0 captured recipients; depth-cutoff artifact possible; terminal status unproven."
100000008778753100,terminal,0.45,25,0.340332,"Hop 4: 10,000 KZT from 1 payers/1 tx, 0 captured recipients; depth-cutoff artifact possible; terminal status unproven."
100000008779584100,terminal,0.82,1,0.367234,"No captured outflow at hop 1; 31,400 KZT from 1 payers/1 tx. Observed-sample terminal; verify."
100000008782056100,terminal,0.82,1,0.363095,"No captured outflow at hop 1; 29,082 KZT from 1 payers/1 tx. Observed-sample terminal; verify."
100000008782421100,terminal,0.82,1,0.392067,"No captured outflow at hop 1; 49,680 KZT from 1 payers/1 tx. Observed-sample terminal; verify."
100000008782800100,terminal,0.82,1,0.384724,"No captured outflow at hop 1; 43,381 KZT from 1 payers/1 tx. Observed-sample terminal; verify."
